text,code,rodata,data,bss,dec,hex,filename,filename
822,162,660,0,0,822,`336,startup_bk7236.c.obj (ex armino/cmsis/libcmsis.a),armino/cmsis/libcmsis.a
272,272,0,0,0,272,`110,system_bk7236xx.c.obj (ex armino/cmsis/libcmsis.a),armino/cmsis/libcmsis.a
1094,434,660,0,0,1094,`446,armino/cmsis/libcmsis.a,armino/cmsis/libcmsis.a
1994,1234,760,0,76,2070,`816,trap_base.c.obj (ex armino/cm33/libcm33.a),armino/cm33/libcm33.a
511,448,63,0,16,527,`20f,mpu.c.obj (ex armino/cm33/libcm33.a),armino/cm33/libcm33.a
627,384,243,0,0,627,`273,stack_base.c.obj (ex armino/cm33/libcm33.a),armino/cm33/libcm33.a
60,60,0,0,0,60,`3c,arm.c.obj (ex armino/cm33/libcm33.a),armino/cm33/libcm33.a
124,124,0,0,256,380,`17c,arch_interrupt.c.obj (ex armino/cm33/libcm33.a),armino/cm33/libcm33.a
3316,2250,1066,0,348,3664,`e50,armino/cm33/libcm33.a,armino/cm33/libcm33.a
1121,1046,75,1,74,1196,`4ac,printf.c.obj (ex armino/bk_system/libbk_system.a),armino/bk_system/libbk_system.a
1314,860,454,7,1,1322,`52a,mac.c.obj (ex armino/bk_system/libbk_system.a),armino/bk_system/libbk_system.a
74,74,0,0,4,78,`4e,reboot.c.obj (ex armino/bk_system/libbk_system.a),armino/bk_system/libbk_system.a
52,52,0,0,0,52,`34,tick.c.obj (ex armino/bk_system/libbk_system.a),armino/bk_system/libbk_system.a
162,162,0,1,1,164,`a4,printf_base.c.obj (ex armino/bk_system/libbk_system.a),armino/bk_system/libbk_system.a
2723,2194,529,9,80,2812,`afc,armino/bk_system/libbk_system.a,armino/bk_system/libbk_system.a
2849,2088,761,2,17,2868,`b34,cli_main.c.obj (ex armino/bk_cli/libbk_cli.a),armino/bk_cli/libbk_cli.a
2053,1212,841,0,16,2069,`815,cli_pwr.c.obj (ex armino/bk_cli/libbk_cli.a),armino/bk_cli/libbk_cli.a
7945,5038,2907,0,16,7961,`1f19,cli_wifi.c.obj (ex armino/bk_cli/libbk_cli.a),armino/bk_cli/libbk_cli.a
805,136,669,0,0,805,`325,cli_phy.c.obj (ex armino/bk_cli/libbk_cli.a),armino/bk_cli/libbk_cli.a
41,12,29,0,0,41,`29,cli_iperf.c.obj (ex armino/bk_cli/libbk_cli.a),armino/bk_cli/libbk_cli.a
1389,840,549,0,0,1389,`56d,cli_netif.c.obj (ex armino/bk_cli/libbk_cli.a),armino/bk_cli/libbk_cli.a
1351,812,539,0,0,1351,`547,cli_at.c.obj (ex armino/bk_cli/libbk_cli.a),armino/bk_cli/libbk_cli.a
6474,5894,580,3291,1414,11179,`2bab,shell_task.c.obj (ex armino/bk_cli/libbk_cli.a),armino/bk_cli/libbk_cli.a
2607,1998,609,0,12,2619,`a3b,cli_psram.c.obj (ex armino/bk_cli/libbk_cli.a),armino/bk_cli/libbk_cli.a
38,12,26,0,0,38,`26,cli_ble.c.obj (ex armino/bk_cli/libbk_cli.a),armino/bk_cli/libbk_cli.a
912,712,200,0,0,912,`390,cli_event.c.obj (ex armino/bk_cli/libbk_cli.a),armino/bk_cli/libbk_cli.a
1116,1084,32,380,0,1496,`5d8,shell_uart.c.obj (ex armino/bk_cli/libbk_cli.a),armino/bk_cli/libbk_cli.a
268,244,24,24,0,292,`124,shell_mailbox_ipc.c.obj (ex armino/bk_cli/libbk_cli.a),armino/bk_cli/libbk_cli.a
60,60,0,0,0,60,`3c,cli_misc.c.obj (ex armino/bk_cli/libbk_cli.a),armino/bk_cli/libbk_cli.a
27908,20142,7766,3697,1475,33080,`8138,armino/bk_cli/libbk_cli.a,armino/bk_cli/libbk_cli.a
823,700,123,9,37,869,`365,wdt_driver.c.obj (ex armino/driver/libdriver.a),armino/driver/libdriver.a
4530,4190,340,120,93,4743,`1287,uart_driver.c.obj (ex armino/driver/libdriver.a),armino/driver/libdriver.a
1139,212,927,0,8,1147,`47b,reset_reason.c.obj (ex armino/driver/libdriver.a),armino/driver/libdriver.a
2914,2326,588,0,68,2982,`ba6,aon_rtc_driver_64bit.c.obj (ex armino/driver/libdriver.a),armino/driver/libdriver.a
1565,1116,449,44,0,1609,`649,qspi_flash_W25Q32.c.obj (ex armino/driver/libdriver.a),armino/driver/libdriver.a
1962,1424,538,44,0,2006,`7d6,qspi_flash_GD5F1GQ5.c.obj (ex armino/driver/libdriver.a),armino/driver/libdriver.a
1563,1148,415,44,0,1607,`647,qspi_flash_GD25Q127C.c.obj (ex armino/driver/libdriver.a),armino/driver/libdriver.a
78,38,40,0,0,78,`4e,sys_driver_common.c.obj (ex armino/driver/libdriver.a),armino/driver/libdriver.a
1778,1700,78,0,57,1835,`72b,timer_driver.c.obj (ex armino/driver/libdriver.a),armino/driver/libdriver.a
4152,3760,392,25,445,4622,`120e,gpio_driver_base.c.obj (ex armino/driver/libdriver.a),armino/driver/libdriver.a
3580,2438,1142,0,58,3638,`e36,flash_driver.c.obj (ex armino/driver/libdriver.a),armino/driver/libdriver.a
2662,1196,1466,0,521,3183,`c6f,flash_server.c.obj (ex armino/driver/libdriver.a),armino/driver/libdriver.a
1013,900,113,24,1,1038,`40e,qspi_driver.c.obj (ex armino/driver/libdriver.a),armino/driver/libdriver.a
2656,2024,632,0,29,2685,`a7d,sdio_host_driver.c.obj (ex armino/driver/libdriver.a),armino/driver/libdriver.a
1705,1572,133,560,8,2273,`8e1,otp_driver_v1_1.c.obj (ex armino/driver/libdriver.a),armino/driver/libdriver.a
4180,3634,546,408,1345,5933,`172d,mb_ipc.c.obj (ex armino/driver/libdriver.a),armino/driver/libdriver.a
668,608,60,0,4,672,`2a0,gpio_driver.c.obj (ex armino/driver/libdriver.a),armino/driver/libdriver.a
1002,854,148,0,0,1002,`3ea,spi_flash.c.obj (ex armino/driver/libdriver.a),armino/driver/libdriver.a
1532,1280,252,12,28,1572,`624,rosc_32k.c.obj (ex armino/driver/libdriver.a),armino/driver/libdriver.a
3099,2866,233,0,285,3384,`d38,dma_driver.c.obj (ex armino/driver/libdriver.a),armino/driver/libdriver.a
1436,1280,156,0,122,1558,`616,mb_ipc_cmd.c.obj (ex armino/driver/libdriver.a),armino/driver/libdriver.a
360,252,108,0,0,360,`168,flash_partition.c.obj (ex armino/driver/libdriver.a),armino/driver/libdriver.a
3016,2632,384,96,51,3163,`c5b,spi_driver.c.obj (ex armino/driver/libdriver.a),armino/driver/libdriver.a
1962,1844,118,0,0,1962,`7aa,printf.c.obj (ex armino/driver/libdriver.a),armino/driver/libdriver.a
1962,1732,230,36,47,2045,`7fd,adc_driver.c.obj (ex armino/driver/libdriver.a),armino/driver/libdriver.a
1231,1038,193,0,4,1235,`4d3,aud_adc_driver.c.obj (ex armino/driver/libdriver.a),armino/driver/libdriver.a
3631,3492,139,0,393,4024,`fb8,pwm_driver.c.obj (ex armino/driver/libdriver.a),armino/driver/libdriver.a
1252,1018,234,0,4,1256,`4e8,aud_dac_driver.c.obj (ex armino/driver/libdriver.a),armino/driver/libdriver.a
174,136,38,0,0,174,`ae,driver.c.obj (ex armino/driver/libdriver.a),armino/driver/libdriver.a
348,92,256,0,0,348,`15c,interrupt_base.c.obj (ex armino/driver/libdriver.a),armino/driver/libdriver.a
2313,1738,575,8,30,2351,`92f,pwr_clk.c.obj (ex armino/driver/libdriver.a),armino/driver/libdriver.a
911,682,229,0,19,930,`3a2,psram_driver.c.obj (ex armino/driver/libdriver.a),armino/driver/libdriver.a
1794,1628,166,0,153,1947,`79b,i2c_driver.c.obj (ex armino/driver/libdriver.a),armino/driver/libdriver.a
1210,1200,10,0,601,1811,`713,mailbox_channel.c.obj (ex armino/driver/libdriver.a),armino/driver/libdriver.a
618,588,30,0,36,654,`28e,amp_res_lock.c.obj (ex armino/driver/libdriver.a),armino/driver/libdriver.a
93,56,37,0,0,93,`5d,qspi_flash_common.c.obj (ex armino/driver/libdriver.a),armino/driver/libdriver.a
3237,2460,777,4,58,3299,`ce3,sd_card_driver.c.obj (ex armino/driver/libdriver.a),armino/driver/libdriver.a
316,316,0,0,0,316,`13c,sys_driver.c.obj (ex armino/driver/libdriver.a),armino/driver/libdriver.a
394,394,0,0,1,395,`18b,sys_ps_driver.c.obj (ex armino/driver/libdriver.a),armino/driver/libdriver.a
566,566,0,0,0,566,`236,sys_wifi_driver.c.obj (ex armino/driver/libdriver.a),armino/driver/libdriver.a
2,2,0,0,0,2,`2,dd.c.obj (ex armino/driver/libdriver.a),armino/driver/libdriver.a
96,96,0,460,0,556,`22c,drv_model.c.obj (ex armino/driver/libdriver.a),armino/driver/libdriver.a
32,32,0,0,64,96,`60,spi_statis.c.obj (ex armino/driver/libdriver.a),armino/driver/libdriver.a
94,94,0,0,0,94,`5e,aon_pmu_driver.c.obj (ex armino/driver/libdriver.a),armino/driver/libdriver.a
28,28,0,0,16,44,`2c,adc_statis.c.obj (ex armino/driver/libdriver.a),armino/driver/libdriver.a
44,44,0,0,9,53,`35,efuse_driver.c.obj (ex armino/driver/libdriver.a),armino/driver/libdriver.a
172,172,0,0,13,185,`b9,trng_driver.c.obj (ex armino/driver/libdriver.a),armino/driver/libdriver.a
20,20,0,0,8,28,`1c,qspi_statis.c.obj (ex armino/driver/libdriver.a),armino/driver/libdriver.a
56,56,0,0,128,184,`b8,touch_driver_v1_1.c.obj (ex armino/driver/libdriver.a),armino/driver/libdriver.a
168,168,0,0,0,168,`a8,mb_chnl_buff.c.obj (ex armino/driver/libdriver.a),armino/driver/libdriver.a
4,4,0,0,0,4,`4,interrupt.c.obj (ex armino/driver/libdriver.a),armino/driver/libdriver.a
304,304,0,0,21,325,`145,ckmn_driver.c.obj (ex armino/driver/libdriver.a),armino/driver/libdriver.a
160,160,0,0,0,160,`a0,sys_int_driver.c.obj (ex armino/driver/libdriver.a),armino/driver/libdriver.a
382,382,0,0,0,382,`17e,sys_clock_driver.c.obj (ex armino/driver/libdriver.a),armino/driver/libdriver.a
260,260,0,0,111,371,`173,mbox0_adapter.c.obj (ex armino/driver/libdriver.a),armino/driver/libdriver.a
280,280,0,0,25,305,`131,mbox0_drv.c.obj (ex armino/driver/libdriver.a),armino/driver/libdriver.a
104,104,0,0,0,104,`68,sys_bt_driver.c.obj (ex armino/driver/libdriver.a),armino/driver/libdriver.a
614,614,0,0,0,614,`266,sys_audio_driver.c.obj (ex armino/driver/libdriver.a),armino/driver/libdriver.a
84,84,0,0,0,84,`54,sys_psram_driver.c.obj (ex armino/driver/libdriver.a),armino/driver/libdriver.a
562,562,0,0,0,562,`232,audio_ring_buff.c.obj (ex armino/driver/libdriver.a),armino/driver/libdriver.a
44,44,0,4,0,48,`30,sdmadc_driver.c.obj (ex armino/driver/libdriver.a),armino/driver/libdriver.a
448,448,0,0,17,465,`1d1,aud_common_driver.c.obj (ex armino/driver/libdriver.a),armino/driver/libdriver.a
73383,61088,12295,1898,4918,80199,`13947,armino/driver/libdriver.a,armino/driver/libdriver.a
3001,2578,423,0,132,3133,`c3d,heap_4.c.obj (ex armino/os_source/libos_source.a),armino/os_source/libos_source.a
3528,3178,350,0,0,3528,`dc8,queue.c.obj (ex armino/os_source/libos_source.a),armino/os_source/libos_source.a
7408,6806,602,4,628,8040,`1f68,tasks.c.obj (ex armino/os_source/libos_source.a),armino/os_source/libos_source.a
1088,968,120,4,24,1116,`45c,port.c.obj (ex armino/os_source/libos_source.a),armino/os_source/libos_source.a
773,672,101,0,0,773,`305,event_groups.c.obj (ex armino/os_source/libos_source.a),armino/os_source/libos_source.a
1468,1294,174,0,396,1864,`748,timers.c.obj (ex armino/os_source/libos_source.a),armino/os_source/libos_source.a
224,224,0,0,0,224,`e0,portasm.c.obj (ex armino/os_source/libos_source.a),armino/os_source/libos_source.a
132,132,0,0,0,132,`84,list.c.obj (ex armino/os_source/libos_source.a),armino/os_source/libos_source.a
17622,15852,1770,8,1180,18810,`497a,armino/os_source/libos_source.a,armino/os_source/libos_source.a
331,0,331,0,0,331,`14b,vendor_flash.c.obj (ex armino/main/libmain.a),armino/main/libmain.a
389,268,121,0,8,397,`18d,app_main.c.obj (ex armino/main/libmain.a),armino/main/libmain.a
720,268,452,0,8,728,`2d8,armino/main/libmain.a,armino/main/libmain.a
4722,2230,2492,0,328,5050,`13ba,cm_backtrace.c.obj (ex armino/coredump/libcoredump.a),armino/coredump/libcoredump.a
4722,2230,2492,0,328,5050,`13ba,armino/coredump/libcoredump.a,armino/coredump/libcoredump.a
7630,3284,4346,0,0,7630,`1dce,ieee802_11_common.c.obj (ex armino/wpa_supplicant-2.10/libwpa_supplicant-2.10.a),armino/wpa_supplicant-2.10/libwpa_supplicant-2.10.a
2712,506,2206,0,0,2712,`a98,driver_common.c.obj (ex armino/wpa_supplicant-2.10/libwpa_supplicant-2.10.a),armino/wpa_supplicant-2.10/libwpa_supplicant-2.10.a
8774,6960,1814,0,0,8774,`2246,driver_beken.c.obj (ex armino/wpa_supplicant-2.10/libwpa_supplicant-2.10.a),armino/wpa_supplicant-2.10/libwpa_supplicant-2.10.a
2152,1758,394,4,52,2208,`8a0,main_none.c.obj (ex armino/wpa_supplicant-2.10/libwpa_supplicant-2.10.a),armino/wpa_supplicant-2.10/libwpa_supplicant-2.10.a
6237,5966,271,0,0,6237,`185d,hostapd.c.obj (ex armino/wpa_supplicant-2.10/libwpa_supplicant-2.10.a),armino/wpa_supplicant-2.10/libwpa_supplicant-2.10.a
2607,2476,131,0,0,2607,`a2f,hw_features.c.obj (ex armino/wpa_supplicant-2.10/libwpa_supplicant-2.10.a),armino/wpa_supplicant-2.10/libwpa_supplicant-2.10.a
70,48,22,0,0,70,`46,ieee802_11_auth.c.obj (ex armino/wpa_supplicant-2.10/libwpa_supplicant-2.10.a),armino/wpa_supplicant-2.10/libwpa_supplicant-2.10.a
1068,1050,18,0,0,1068,`42c,ieee802_11_ht.c.obj (ex armino/wpa_supplicant-2.10/libwpa_supplicant-2.10.a),armino/wpa_supplicant-2.10/libwpa_supplicant-2.10.a
2526,2442,84,0,0,2526,`9de,sta_info.c.obj (ex armino/wpa_supplicant-2.10/libwpa_supplicant-2.10.a),armino/wpa_supplicant-2.10/libwpa_supplicant-2.10.a
9506,9254,252,0,0,9506,`2522,wpa_auth.c.obj (ex armino/wpa_supplicant-2.10/libwpa_supplicant-2.10.a),armino/wpa_supplicant-2.10/libwpa_supplicant-2.10.a
1215,1186,29,0,0,1215,`4bf,wpa_auth_glue.c.obj (ex armino/wpa_supplicant-2.10/libwpa_supplicant-2.10.a),armino/wpa_supplicant-2.10/libwpa_supplicant-2.10.a
1400,1360,40,0,0,1400,`578,wpa_auth_ie.c.obj (ex armino/wpa_supplicant-2.10/libwpa_supplicant-2.10.a),armino/wpa_supplicant-2.10/libwpa_supplicant-2.10.a
1074,886,188,16,0,1090,`442,l2_packet_none.c.obj (ex armino/wpa_supplicant-2.10/libwpa_supplicant-2.10.a),armino/wpa_supplicant-2.10/libwpa_supplicant-2.10.a
8228,7826,402,0,1,8229,`2025,wpa.c.obj (ex armino/wpa_supplicant-2.10/libwpa_supplicant-2.10.a),armino/wpa_supplicant-2.10/libwpa_supplicant-2.10.a
2063,1794,269,0,84,2147,`863,eloop.c.obj (ex armino/wpa_supplicant-2.10/libwpa_supplicant-2.10.a),armino/wpa_supplicant-2.10/libwpa_supplicant-2.10.a
206,196,10,0,0,206,`ce,os_none.c.obj (ex armino/wpa_supplicant-2.10/libwpa_supplicant-2.10.a),armino/wpa_supplicant-2.10/libwpa_supplicant-2.10.a
297,272,25,0,0,297,`129,wpabuf.c.obj (ex armino/wpa_supplicant-2.10/libwpa_supplicant-2.10.a),armino/wpa_supplicant-2.10/libwpa_supplicant-2.10.a
4864,4460,404,0,8,4872,`1308,ctrl_iface.c.obj (ex armino/wpa_supplicant-2.10/libwpa_supplicant-2.10.a),armino/wpa_supplicant-2.10/libwpa_supplicant-2.10.a
8194,8050,144,0,0,8194,`2002,events.c.obj (ex armino/wpa_supplicant-2.10/libwpa_supplicant-2.10.a),armino/wpa_supplicant-2.10/libwpa_supplicant-2.10.a
579,472,107,4,16,599,`257,main_supplicant.c.obj (ex armino/wpa_supplicant-2.10/libwpa_supplicant-2.10.a),armino/wpa_supplicant-2.10/libwpa_supplicant-2.10.a
2912,2878,34,0,0,2912,`b60,sme.c.obj (ex armino/wpa_supplicant-2.10/libwpa_supplicant-2.10.a),armino/wpa_supplicant-2.10/libwpa_supplicant-2.10.a
951,820,131,0,0,951,`3b7,wmm_ac.c.obj (ex armino/wpa_supplicant-2.10/libwpa_supplicant-2.10.a),armino/wpa_supplicant-2.10/libwpa_supplicant-2.10.a
6075,5120,955,0,0,6075,`17bb,wpa_scan.c.obj (ex armino/wpa_supplicant-2.10/libwpa_supplicant-2.10.a),armino/wpa_supplicant-2.10/libwpa_supplicant-2.10.a
1726,1686,40,0,0,1726,`6be,wpas_glue.c.obj (ex armino/wpa_supplicant-2.10/libwpa_supplicant-2.10.a),armino/wpa_supplicant-2.10/libwpa_supplicant-2.10.a
1092,1056,36,0,0,1092,`444,aes-internal-dec.c.obj (ex armino/wpa_supplicant-2.10/libwpa_supplicant-2.10.a),armino/wpa_supplicant-2.10/libwpa_supplicant-2.10.a
916,880,36,0,0,916,`394,aes-internal-enc.c.obj (ex armino/wpa_supplicant-2.10/libwpa_supplicant-2.10.a),armino/wpa_supplicant-2.10/libwpa_supplicant-2.10.a
5565,5284,281,0,0,5565,`15bd,sae.c.obj (ex armino/wpa_supplicant-2.10/libwpa_supplicant-2.10.a),armino/wpa_supplicant-2.10/libwpa_supplicant-2.10.a
1242,1082,160,12,0,1254,`4e6,fake_socket.c.obj (ex armino/wpa_supplicant-2.10/libwpa_supplicant-2.10.a),armino/wpa_supplicant-2.10/libwpa_supplicant-2.10.a
316,274,42,0,0,316,`13c,sk_intf.c.obj (ex armino/wpa_supplicant-2.10/libwpa_supplicant-2.10.a),armino/wpa_supplicant-2.10/libwpa_supplicant-2.10.a
665,644,21,0,0,665,`299,ap_list.c.obj (ex armino/wpa_supplicant-2.10/libwpa_supplicant-2.10.a),armino/wpa_supplicant-2.10/libwpa_supplicant-2.10.a
4661,4540,121,0,0,4661,`1235,beacon.c.obj (ex armino/wpa_supplicant-2.10/libwpa_supplicant-2.10.a),armino/wpa_supplicant-2.10/libwpa_supplicant-2.10.a
1868,1844,24,0,0,1868,`74c,drv_callbacks.c.obj (ex armino/wpa_supplicant-2.10/libwpa_supplicant-2.10.a),armino/wpa_supplicant-2.10/libwpa_supplicant-2.10.a
7120,6970,150,0,0,7120,`1bd0,ieee802_11.c.obj (ex armino/wpa_supplicant-2.10/libwpa_supplicant-2.10.a),armino/wpa_supplicant-2.10/libwpa_supplicant-2.10.a
1469,1428,41,0,0,1469,`5bd,ieee802_11_he.c.obj (ex armino/wpa_supplicant-2.10/libwpa_supplicant-2.10.a),armino/wpa_supplicant-2.10/libwpa_supplicant-2.10.a
576,548,28,0,0,576,`240,ieee802_11_shared.c.obj (ex armino/wpa_supplicant-2.10/libwpa_supplicant-2.10.a),armino/wpa_supplicant-2.10/libwpa_supplicant-2.10.a
807,768,39,0,0,807,`327,ieee802_11_vht.c.obj (ex armino/wpa_supplicant-2.10/libwpa_supplicant-2.10.a),armino/wpa_supplicant-2.10/libwpa_supplicant-2.10.a
510,440,70,0,0,510,`1fe,pmksa_cache_auth.c.obj (ex armino/wpa_supplicant-2.10/libwpa_supplicant-2.10.a),armino/wpa_supplicant-2.10/libwpa_supplicant-2.10.a
1690,1616,74,0,0,1690,`69a,pmksa_cache.c.obj (ex armino/wpa_supplicant-2.10/libwpa_supplicant-2.10.a),armino/wpa_supplicant-2.10/libwpa_supplicant-2.10.a
633,544,89,0,0,633,`279,bssid_ignore.c.obj (ex armino/wpa_supplicant-2.10/libwpa_supplicant-2.10.a),armino/wpa_supplicant-2.10/libwpa_supplicant-2.10.a
3077,2886,191,0,0,3077,`c05,bss.c.obj (ex armino/wpa_supplicant-2.10/libwpa_supplicant-2.10.a),armino/wpa_supplicant-2.10/libwpa_supplicant-2.10.a
847,724,123,0,0,847,`34f,config_none.c.obj (ex armino/wpa_supplicant-2.10/libwpa_supplicant-2.10.a),armino/wpa_supplicant-2.10/libwpa_supplicant-2.10.a
1510,1346,164,0,17,1527,`5f7,notify.c.obj (ex armino/wpa_supplicant-2.10/libwpa_supplicant-2.10.a),armino/wpa_supplicant-2.10/libwpa_supplicant-2.10.a
1156,1074,82,0,20,1176,`498,wpa_psk_cache.c.obj (ex armino/wpa_supplicant-2.10/libwpa_supplicant-2.10.a),armino/wpa_supplicant-2.10/libwpa_supplicant-2.10.a
1006,942,64,0,0,1006,`3ee,hw_features_common.c.obj (ex armino/wpa_supplicant-2.10/libwpa_supplicant-2.10.a),armino/wpa_supplicant-2.10/libwpa_supplicant-2.10.a
4659,4638,21,0,0,4659,`1233,wpa_common.c.obj (ex armino/wpa_supplicant-2.10/libwpa_supplicant-2.10.a),armino/wpa_supplicant-2.10/libwpa_supplicant-2.10.a
480,452,28,0,0,480,`1e0,ieee802_1x.c.obj (ex armino/wpa_supplicant-2.10/libwpa_supplicant-2.10.a),armino/wpa_supplicant-2.10/libwpa_supplicant-2.10.a
4064,4060,4,0,0,4064,`fe0,sha1-internal.c.obj (ex armino/wpa_supplicant-2.10/libwpa_supplicant-2.10.a),armino/wpa_supplicant-2.10/libwpa_supplicant-2.10.a
999,910,89,4,0,1003,`3eb,common.c.obj (ex armino/wpa_supplicant-2.10/libwpa_supplicant-2.10.a),armino/wpa_supplicant-2.10/libwpa_supplicant-2.10.a
11467,10904,563,0,0,11467,`2ccb,wpa_supplicant.c.obj (ex armino/wpa_supplicant-2.10/libwpa_supplicant-2.10.a),armino/wpa_supplicant-2.10/libwpa_supplicant-2.10.a
2076,1908,168,0,0,2076,`81c,crypto_wolfssl.c.obj (ex armino/wpa_supplicant-2.10/libwpa_supplicant-2.10.a),armino/wpa_supplicant-2.10/libwpa_supplicant-2.10.a
1751,1510,241,0,0,1751,`6d7,ap_config.c.obj (ex armino/wpa_supplicant-2.10/libwpa_supplicant-2.10.a),armino/wpa_supplicant-2.10/libwpa_supplicant-2.10.a
1024,0,1024,0,0,1024,`400,crc32.c.obj (ex armino/wpa_supplicant-2.10/libwpa_supplicant-2.10.a),armino/wpa_supplicant-2.10/libwpa_supplicant-2.10.a
1991,1766,225,0,0,1991,`7c7,config.c.obj (ex armino/wpa_supplicant-2.10/libwpa_supplicant-2.10.a),armino/wpa_supplicant-2.10/libwpa_supplicant-2.10.a
1239,1234,5,0,0,1239,`4d7,ap_drv_ops.c.obj (ex armino/wpa_supplicant-2.10/libwpa_supplicant-2.10.a),armino/wpa_supplicant-2.10/libwpa_supplicant-2.10.a
8,0,8,0,0,8,`8,drivers.c.obj (ex armino/wpa_supplicant-2.10/libwpa_supplicant-2.10.a),armino/wpa_supplicant-2.10/libwpa_supplicant-2.10.a
957,530,427,0,256,1213,`4bd,ocv.c.obj (ex armino/wpa_supplicant-2.10/libwpa_supplicant-2.10.a),armino/wpa_supplicant-2.10/libwpa_supplicant-2.10.a
241,240,1,0,0,241,`f1,sha256-kdf.c.obj (ex armino/wpa_supplicant-2.10/libwpa_supplicant-2.10.a),armino/wpa_supplicant-2.10/libwpa_supplicant-2.10.a
872,870,2,0,0,872,`368,dragonfly.c.obj (ex armino/wpa_supplicant-2.10/libwpa_supplicant-2.10.a),armino/wpa_supplicant-2.10/libwpa_supplicant-2.10.a
86,86,0,0,0,86,`56,utils.c.obj (ex armino/wpa_supplicant-2.10/libwpa_supplicant-2.10.a),armino/wpa_supplicant-2.10/libwpa_supplicant-2.10.a
892,892,0,0,0,892,`37c,wpa_ie.c.obj (ex armino/wpa_supplicant-2.10/libwpa_supplicant-2.10.a),armino/wpa_supplicant-2.10/libwpa_supplicant-2.10.a
260,260,0,0,0,260,`104,aes-unwrap.c.obj (ex armino/wpa_supplicant-2.10/libwpa_supplicant-2.10.a),armino/wpa_supplicant-2.10/libwpa_supplicant-2.10.a
276,276,0,0,0,276,`114,sha256-prf.c.obj (ex armino/wpa_supplicant-2.10/libwpa_supplicant-2.10.a),armino/wpa_supplicant-2.10/libwpa_supplicant-2.10.a
676,676,0,0,0,676,`2a4,aes-internal.c.obj (ex armino/wpa_supplicant-2.10/libwpa_supplicant-2.10.a),armino/wpa_supplicant-2.10/libwpa_supplicant-2.10.a
410,410,0,0,0,410,`19a,aes-omac1.c.obj (ex armino/wpa_supplicant-2.10/libwpa_supplicant-2.10.a),armino/wpa_supplicant-2.10/libwpa_supplicant-2.10.a
272,272,0,0,0,272,`110,md5.c.obj (ex armino/wpa_supplicant-2.10/libwpa_supplicant-2.10.a),armino/wpa_supplicant-2.10/libwpa_supplicant-2.10.a
296,296,0,0,0,296,`128,sha1.c.obj (ex armino/wpa_supplicant-2.10/libwpa_supplicant-2.10.a),armino/wpa_supplicant-2.10/libwpa_supplicant-2.10.a
280,280,0,0,0,280,`118,sha1-pbkdf2.c.obj (ex armino/wpa_supplicant-2.10/libwpa_supplicant-2.10.a),armino/wpa_supplicant-2.10/libwpa_supplicant-2.10.a
116,116,0,0,0,116,`74,ap_mlme.c.obj (ex armino/wpa_supplicant-2.10/libwpa_supplicant-2.10.a),armino/wpa_supplicant-2.10/libwpa_supplicant-2.10.a
252,252,0,0,0,252,`fc,tkip_countermeasures.c.obj (ex armino/wpa_supplicant-2.10/libwpa_supplicant-2.10.a),armino/wpa_supplicant-2.10/libwpa_supplicant-2.10.a
112,112,0,0,0,112,`70,wmm.c.obj (ex armino/wpa_supplicant-2.10/libwpa_supplicant-2.10.a),armino/wpa_supplicant-2.10/libwpa_supplicant-2.10.a
4,4,0,0,0,4,`4,op_classes.c.obj (ex armino/wpa_supplicant-2.10/libwpa_supplicant-2.10.a),armino/wpa_supplicant-2.10/libwpa_supplicant-2.10.a
1932,1932,0,0,0,1932,`78c,md5-internal.c.obj (ex armino/wpa_supplicant-2.10/libwpa_supplicant-2.10.a),armino/wpa_supplicant-2.10/libwpa_supplicant-2.10.a
52,52,0,0,0,52,`34,ddrv.c.obj (ex armino/wpa_supplicant-2.10/libwpa_supplicant-2.10.a),armino/wpa_supplicant-2.10/libwpa_supplicant-2.10.a
430,430,0,0,0,430,`1ae,dfs.c.obj (ex armino/wpa_supplicant-2.10/libwpa_supplicant-2.10.a),armino/wpa_supplicant-2.10/libwpa_supplicant-2.10.a
0,0,0,4,8,12,`c,wpa_debug.c.obj (ex armino/wpa_supplicant-2.10/libwpa_supplicant-2.10.a),armino/wpa_supplicant-2.10/libwpa_supplicant-2.10.a
157966,141008,16958,44,462,158472,`26b08,armino/wpa_supplicant-2.10/libwpa_supplicant-2.10.a,armino/wpa_supplicant-2.10/libwpa_supplicant-2.10.a
2077,2028,49,108,0,2185,`889,rwnx_params.c.obj (ex armino/bk_wifi/libbk_wifi.a),armino/bk_wifi/libbk_wifi.a
10056,8778,1278,11,241,10308,`2844,wifi_v2.c.obj (ex armino/bk_wifi/libbk_wifi.a),armino/bk_wifi/libbk_wifi.a
1935,1812,123,1108,4,3047,`be7,bk_wifi_adapter.c.obj (ex armino/bk_wifi/libbk_wifi.a),armino/bk_wifi/libbk_wifi.a
4234,3588,646,0,4,4238,`108e,hostapd_intf.c.obj (ex armino/bk_wifi/libbk_wifi.a),armino/bk_wifi/libbk_wifi.a
1216,1008,208,1099,280,2595,`a23,rw_ieee80211.c.obj (ex armino/bk_wifi/libbk_wifi.a),armino/bk_wifi/libbk_wifi.a
2658,2438,220,4,53,2715,`a9b,rw_msg_rx.c.obj (ex armino/bk_wifi/libbk_wifi.a),armino/bk_wifi/libbk_wifi.a
4250,4158,92,0,53,4303,`10cf,rw_msg_tx.c.obj (ex armino/bk_wifi/libbk_wifi.a),armino/bk_wifi/libbk_wifi.a
1455,1326,129,0,0,1455,`5af,rwnx_rx.c.obj (ex armino/bk_wifi/libbk_wifi.a),armino/bk_wifi/libbk_wifi.a
336,262,74,0,40,376,`178,rwnx_td.c.obj (ex armino/bk_wifi/libbk_wifi.a),armino/bk_wifi/libbk_wifi.a
2867,2734,133,0,0,2867,`b33,rwnx_txq.c.obj (ex armino/bk_wifi/libbk_wifi.a),armino/bk_wifi/libbk_wifi.a
411,312,99,0,0,411,`19b,sa_station.c.obj (ex armino/bk_wifi/libbk_wifi.a),armino/bk_wifi/libbk_wifi.a
434,372,62,0,4,438,`1b6,skbuff.c.obj (ex armino/bk_wifi/libbk_wifi.a),armino/bk_wifi/libbk_wifi.a
290,252,38,16,12,318,`13e,wifi_config.c.obj (ex armino/bk_wifi/libbk_wifi.a),armino/bk_wifi/libbk_wifi.a
7238,5862,1376,0,0,7238,`1c46,wifi_wpa_cmd.c.obj (ex armino/bk_wifi/libbk_wifi.a),armino/bk_wifi/libbk_wifi.a
454,428,26,8,4,466,`1d2,bk_workqueue.c.obj (ex armino/bk_wifi/libbk_wifi.a),armino/bk_wifi/libbk_wifi.a
2456,1878,578,0,29,2485,`9b5,rw_task.c.obj (ex armino/bk_wifi/libbk_wifi.a),armino/bk_wifi/libbk_wifi.a
2271,1950,321,0,0,2271,`8df,rwnx_tx.c.obj (ex armino/bk_wifi/libbk_wifi.a),armino/bk_wifi/libbk_wifi.a
1879,1378,501,0,0,1879,`757,wifi_api.c.obj (ex armino/bk_wifi/libbk_wifi.a),armino/bk_wifi/libbk_wifi.a
118,72,46,0,0,118,`76,phy.c.obj (ex armino/bk_wifi/libbk_wifi.a),armino/bk_wifi/libbk_wifi.a
182,124,58,0,0,182,`b6,wifi_init.c.obj (ex armino/bk_wifi/libbk_wifi.a),armino/bk_wifi/libbk_wifi.a
88,88,0,0,0,88,`58,net_param.c.obj (ex armino/bk_wifi/libbk_wifi.a),armino/bk_wifi/libbk_wifi.a
224,224,0,0,0,224,`e0,rwnx_utils.c.obj (ex armino/bk_wifi/libbk_wifi.a),armino/bk_wifi/libbk_wifi.a
10,10,0,0,4,14,`e,rwnx_debug.c.obj (ex armino/bk_wifi/libbk_wifi.a),armino/bk_wifi/libbk_wifi.a
356,356,0,0,0,356,`164,wifi_netif.c.obj (ex armino/bk_wifi/libbk_wifi.a),armino/bk_wifi/libbk_wifi.a
192,192,0,4,9,205,`cd,lsig_monitor.c.obj (ex armino/bk_wifi/libbk_wifi.a),armino/bk_wifi/libbk_wifi.a
50,50,0,0,0,50,`32,sa_ap.c.obj (ex armino/bk_wifi/libbk_wifi.a),armino/bk_wifi/libbk_wifi.a
47737,41680,6057,2358,737,50832,`c690,armino/bk_wifi/libbk_wifi.a,armino/bk_wifi/libbk_wifi.a
2304,2114,190,336,37,2677,`a75,net.c.obj (ex armino/lwip_intf_v2_1/liblwip_intf_v2_1.a),armino/lwip_intf_v2_1/liblwip_intf_v2_1.a
724,222,502,0,816,1540,`604,memp.c.obj (ex armino/lwip_intf_v2_1/liblwip_intf_v2_1.a),armino/lwip_intf_v2_1/liblwip_intf_v2_1.a
20,0,20,0,48,68,`44,ppp.c.obj (ex armino/lwip_intf_v2_1/liblwip_intf_v2_1.a),armino/lwip_intf_v2_1/liblwip_intf_v2_1.a
22,0,22,0,48,70,`46,pppos.c.obj (ex armino/lwip_intf_v2_1/liblwip_intf_v2_1.a),armino/lwip_intf_v2_1/liblwip_intf_v2_1.a
7513,6882,631,0,656,8169,`1fe9,sockets.c.obj (ex armino/lwip_intf_v2_1/liblwip_intf_v2_1.a),armino/lwip_intf_v2_1/liblwip_intf_v2_1.a
629,208,421,0,18,647,`287,ping.c.obj (ex armino/lwip_intf_v2_1/liblwip_intf_v2_1.a),armino/lwip_intf_v2_1/liblwip_intf_v2_1.a
5414,4874,540,0,119,5533,`159d,dhcp.c.obj (ex armino/lwip_intf_v2_1/liblwip_intf_v2_1.a),armino/lwip_intf_v2_1/liblwip_intf_v2_1.a
324,300,24,0,0,324,`144,mem.c.obj (ex armino/lwip_intf_v2_1/liblwip_intf_v2_1.a),armino/lwip_intf_v2_1/liblwip_intf_v2_1.a
2675,2612,63,4,228,2907,`b5b,dhcp-server.c.obj (ex armino/lwip_intf_v2_1/liblwip_intf_v2_1.a),armino/lwip_intf_v2_1/liblwip_intf_v2_1.a
578,558,20,0,8,586,`24a,sys_arch.c.obj (ex armino/lwip_intf_v2_1/liblwip_intf_v2_1.a),armino/lwip_intf_v2_1/liblwip_intf_v2_1.a
2873,2572,301,12,302,3187,`c73,etharp.c.obj (ex armino/lwip_intf_v2_1/liblwip_intf_v2_1.a),armino/lwip_intf_v2_1/liblwip_intf_v2_1.a
452,388,64,0,0,452,`1c4,wlanif.c.obj (ex armino/lwip_intf_v2_1/liblwip_intf_v2_1.a),armino/lwip_intf_v2_1/liblwip_intf_v2_1.a
467,460,7,0,16,483,`1e3,tcpip.c.obj (ex armino/lwip_intf_v2_1/liblwip_intf_v2_1.a),armino/lwip_intf_v2_1/liblwip_intf_v2_1.a
1510,1500,10,0,602,2112,`840,dns.c.obj (ex armino/lwip_intf_v2_1/liblwip_intf_v2_1.a),armino/lwip_intf_v2_1/liblwip_intf_v2_1.a
1854,1288,566,0,8,1862,`746,igmp.c.obj (ex armino/lwip_intf_v2_1/liblwip_intf_v2_1.a),armino/lwip_intf_v2_1/liblwip_intf_v2_1.a
534,526,8,0,16,550,`226,ip4_addr.c.obj (ex armino/lwip_intf_v2_1/liblwip_intf_v2_1.a),armino/lwip_intf_v2_1/liblwip_intf_v2_1.a
1223,1196,27,0,6,1229,`4cd,ip4_frag.c.obj (ex armino/lwip_intf_v2_1/liblwip_intf_v2_1.a),armino/lwip_intf_v2_1/liblwip_intf_v2_1.a
1390,1240,150,0,93,1483,`5cb,netif.c.obj (ex armino/lwip_intf_v2_1/liblwip_intf_v2_1.a),armino/lwip_intf_v2_1/liblwip_intf_v2_1.a
1820,1486,334,0,1,1821,`71d,pbuf.c.obj (ex armino/lwip_intf_v2_1/liblwip_intf_v2_1.a),armino/lwip_intf_v2_1/liblwip_intf_v2_1.a
24,20,4,0,568,592,`250,stats.c.obj (ex armino/lwip_intf_v2_1/liblwip_intf_v2_1.a),armino/lwip_intf_v2_1/liblwip_intf_v2_1.a
4763,4210,553,6,31,4800,`12c0,tcp.c.obj (ex armino/lwip_intf_v2_1/liblwip_intf_v2_1.a),armino/lwip_intf_v2_1/liblwip_intf_v2_1.a
5454,5428,26,0,64,5518,`158e,tcp_in.c.obj (ex armino/lwip_intf_v2_1/liblwip_intf_v2_1.a),armino/lwip_intf_v2_1/liblwip_intf_v2_1.a
3540,3468,72,0,0,3540,`dd4,tcp_out.c.obj (ex armino/lwip_intf_v2_1/liblwip_intf_v2_1.a),armino/lwip_intf_v2_1/liblwip_intf_v2_1.a
456,400,56,0,12,468,`1d4,timeouts.c.obj (ex armino/lwip_intf_v2_1/liblwip_intf_v2_1.a),armino/lwip_intf_v2_1/liblwip_intf_v2_1.a
1994,1446,548,2,4,2000,`7d0,udp.c.obj (ex armino/lwip_intf_v2_1/liblwip_intf_v2_1.a),armino/lwip_intf_v2_1/liblwip_intf_v2_1.a
304,292,12,0,0,304,`130,ethernet.c.obj (ex armino/lwip_intf_v2_1/liblwip_intf_v2_1.a),armino/lwip_intf_v2_1/liblwip_intf_v2_1.a
132,120,12,0,5,137,`89,dhcp-server-main.c.obj (ex armino/lwip_intf_v2_1/liblwip_intf_v2_1.a),armino/lwip_intf_v2_1/liblwip_intf_v2_1.a
2451,1818,633,0,0,2451,`993,api_lib.c.obj (ex armino/lwip_intf_v2_1/liblwip_intf_v2_1.a),armino/lwip_intf_v2_1/liblwip_intf_v2_1.a
3179,3142,37,0,0,3179,`c6b,api_msg.c.obj (ex armino/lwip_intf_v2_1/liblwip_intf_v2_1.a),armino/lwip_intf_v2_1/liblwip_intf_v2_1.a
96,28,68,0,0,96,`60,err.c.obj (ex armino/lwip_intf_v2_1/liblwip_intf_v2_1.a),armino/lwip_intf_v2_1/liblwip_intf_v2_1.a
177,126,51,0,0,177,`b1,netbuf.c.obj (ex armino/lwip_intf_v2_1/liblwip_intf_v2_1.a),armino/lwip_intf_v2_1/liblwip_intf_v2_1.a
238,238,0,0,0,238,`ee,netifapi.c.obj (ex armino/lwip_intf_v2_1/liblwip_intf_v2_1.a),armino/lwip_intf_v2_1/liblwip_intf_v2_1.a
70,70,0,0,0,70,`46,def.c.obj (ex armino/lwip_intf_v2_1/liblwip_intf_v2_1.a),armino/lwip_intf_v2_1/liblwip_intf_v2_1.a
316,316,0,0,0,316,`13c,inet_chksum.c.obj (ex armino/lwip_intf_v2_1/liblwip_intf_v2_1.a),armino/lwip_intf_v2_1/liblwip_intf_v2_1.a
50,50,0,0,0,50,`32,init.c.obj (ex armino/lwip_intf_v2_1/liblwip_intf_v2_1.a),armino/lwip_intf_v2_1/liblwip_intf_v2_1.a
1410,1410,0,0,6,1416,`588,ip4.c.obj (ex armino/lwip_intf_v2_1/liblwip_intf_v2_1.a),armino/lwip_intf_v2_1/liblwip_intf_v2_1.a
632,632,0,0,4,636,`27c,raw.c.obj (ex armino/lwip_intf_v2_1/liblwip_intf_v2_1.a),armino/lwip_intf_v2_1/liblwip_intf_v2_1.a
34,34,0,0,0,34,`22,sys.c.obj (ex armino/lwip_intf_v2_1/liblwip_intf_v2_1.a),armino/lwip_intf_v2_1/liblwip_intf_v2_1.a
408,408,0,0,297,705,`2c1,netdb.c.obj (ex armino/lwip_intf_v2_1/liblwip_intf_v2_1.a),armino/lwip_intf_v2_1/liblwip_intf_v2_1.a
612,612,0,0,0,612,`264,icmp.c.obj (ex armino/lwip_intf_v2_1/liblwip_intf_v2_1.a),armino/lwip_intf_v2_1/liblwip_intf_v2_1.a
20,20,0,0,4,24,`18,magic.c.obj (ex armino/lwip_intf_v2_1/liblwip_intf_v2_1.a),armino/lwip_intf_v2_1/liblwip_intf_v2_1.a
0,0,0,0,24,24,`18,ip.c.obj (ex armino/lwip_intf_v2_1/liblwip_intf_v2_1.a),armino/lwip_intf_v2_1/liblwip_intf_v2_1.a
58686,52714,5972,360,4041,63087,`f66f,armino/lwip_intf_v2_1/liblwip_intf_v2_1.a,armino/lwip_intf_v2_1/liblwip_intf_v2_1.a
1011,618,393,4,260,1275,`4fb,ef_port.c.obj (ex armino/easy_flash/libeasy_flash.a),armino/easy_flash/libeasy_flash.a
5052,3862,1190,0,256,5308,`14bc,ef_env.c.obj (ex armino/easy_flash/libeasy_flash.a),armino/easy_flash/libeasy_flash.a
1064,40,1024,0,0,1064,`428,ef_utils.c.obj (ex armino/easy_flash/libeasy_flash.a),armino/easy_flash/libeasy_flash.a
224,72,152,0,0,224,`e0,easyflash.c.obj (ex armino/easy_flash/libeasy_flash.a),armino/easy_flash/libeasy_flash.a
10,10,0,0,0,10,`a,bk_ef.c.obj (ex armino/easy_flash/libeasy_flash.a),armino/easy_flash/libeasy_flash.a
7361,4602,2759,4,516,7881,`1ec9,armino/easy_flash/libeasy_flash.a,armino/easy_flash/libeasy_flash.a
698,304,394,44,12,754,`2f2,bk_usb_cdc_modem.c.obj (ex armino/bk_usb/libbk_usb.a),armino/bk_usb/libbk_usb.a
698,304,394,44,12,754,`2f2,armino/bk_usb/libbk_usb.a,armino/bk_usb/libbk_usb.a
1046,72,974,4,0,1050,`41a,vnd_cal.c.obj (ex armino/vnd_cal/libvnd_cal.a),armino/vnd_cal/libvnd_cal.a
1046,72,974,4,0,1050,`41a,armino/vnd_cal/libvnd_cal.a,armino/vnd_cal/libvnd_cal.a
3388,2040,1348,0,8,3396,`d44,wifi_at_command.c.obj (ex armino/at/libat.a),armino/at/libat.a
60,60,0,0,1,61,`3d,at_common.c.obj (ex armino/at/libat.a),armino/at/libat.a
3448,2100,1348,0,9,3457,`d81,armino/at/libat.a,armino/at/libat.a
2054,980,1074,0,0,2054,`806,cli_tuya_test.c.obj (ex armino/tuyaos_adapter/libtuyaos_adapter.a),armino/tuyaos_adapter/libtuyaos_adapter.a
5689,4192,1497,9,208,5906,`1712,test_media.c.obj (ex armino/tuyaos_adapter/libtuyaos_adapter.a),armino/tuyaos_adapter/libtuyaos_adapter.a
1361,772,589,0,57,1418,`58a,test_mp3.c.obj (ex armino/tuyaos_adapter/libtuyaos_adapter.a),armino/tuyaos_adapter/libtuyaos_adapter.a
1438,1116,322,4,0,1442,`5a2,test_sdcard.c.obj (ex armino/tuyaos_adapter/libtuyaos_adapter.a),armino/tuyaos_adapter/libtuyaos_adapter.a
631,368,263,0,4,635,`27b,tkl_memory.c.obj (ex armino/tuyaos_adapter/libtuyaos_adapter.a),armino/tuyaos_adapter/libtuyaos_adapter.a
5616,4214,1402,44,21,5681,`1631,tkl_wifi.c.obj (ex armino/tuyaos_adapter/libtuyaos_adapter.a),armino/tuyaos_adapter/libtuyaos_adapter.a
1173,1052,121,0,63,1236,`4d4,test_audio.c.obj (ex armino/tuyaos_adapter/libtuyaos_adapter.a),armino/tuyaos_adapter/libtuyaos_adapter.a
2368,1604,764,0,4,2372,`944,test_pwm.c.obj (ex armino/tuyaos_adapter/libtuyaos_adapter.a),armino/tuyaos_adapter/libtuyaos_adapter.a
1044,504,540,0,4,1048,`418,test_qspi.c.obj (ex armino/tuyaos_adapter/libtuyaos_adapter.a),armino/tuyaos_adapter/libtuyaos_adapter.a
3253,1984,1269,4,5,3262,`cbe,test_littlefs.c.obj (ex armino/tuyaos_adapter/libtuyaos_adapter.a),armino/tuyaos_adapter/libtuyaos_adapter.a
1103,952,151,2,325,1430,`596,tkl_adc.c.obj (ex armino/tuyaos_adapter/libtuyaos_adapter.a),armino/tuyaos_adapter/libtuyaos_adapter.a
842,416,426,0,0,842,`34a,test_timer.c.obj (ex armino/tuyaos_adapter/libtuyaos_adapter.a),armino/tuyaos_adapter/libtuyaos_adapter.a
1068,768,300,0,14,1082,`43a,ty_vad_app.c.obj (ex armino/tuyaos_adapter/libtuyaos_adapter.a),armino/tuyaos_adapter/libtuyaos_adapter.a
1669,1136,533,92,3,1764,`6e4,tkl_display.c.obj (ex armino/tuyaos_adapter/libtuyaos_adapter.a),armino/tuyaos_adapter/libtuyaos_adapter.a
606,388,218,0,0,606,`25e,test_gpio.c.obj (ex armino/tuyaos_adapter/libtuyaos_adapter.a),armino/tuyaos_adapter/libtuyaos_adapter.a
219,144,75,0,0,219,`db,test_startup_frame.c.obj (ex armino/tuyaos_adapter/libtuyaos_adapter.a),armino/tuyaos_adapter/libtuyaos_adapter.a
2205,1486,719,105,34,2344,`928,tkl_audio.c.obj (ex armino/tuyaos_adapter/libtuyaos_adapter.a),armino/tuyaos_adapter/libtuyaos_adapter.a
1580,1024,556,12,4,1596,`63c,qflash.c.obj (ex armino/tuyaos_adapter/libtuyaos_adapter.a),armino/tuyaos_adapter/libtuyaos_adapter.a
366,284,82,0,12,378,`17a,tkl_hci.c.obj (ex armino/tuyaos_adapter/libtuyaos_adapter.a),armino/tuyaos_adapter/libtuyaos_adapter.a
1013,624,389,0,0,1013,`3f5,sflash.c.obj (ex armino/tuyaos_adapter/libtuyaos_adapter.a),armino/tuyaos_adapter/libtuyaos_adapter.a
534,378,156,0,4,538,`21a,tkl_uart.c.obj (ex armino/tuyaos_adapter/libtuyaos_adapter.a),armino/tuyaos_adapter/libtuyaos_adapter.a
923,696,227,6,2,931,`3a3,tkl_video_in.c.obj (ex armino/tuyaos_adapter/libtuyaos_adapter.a),armino/tuyaos_adapter/libtuyaos_adapter.a
517,448,69,672,0,1189,`4a5,tkl_gpio.c.obj (ex armino/tuyaos_adapter/libtuyaos_adapter.a),armino/tuyaos_adapter/libtuyaos_adapter.a
1010,876,134,16,12,1038,`40e,tkl_i2c.c.obj (ex armino/tuyaos_adapter/libtuyaos_adapter.a),armino/tuyaos_adapter/libtuyaos_adapter.a
525,320,205,0,36,561,`231,tkl_ipc.c.obj (ex armino/tuyaos_adapter/libtuyaos_adapter.a),armino/tuyaos_adapter/libtuyaos_adapter.a
825,548,277,0,0,825,`339,tkl_sleep.c.obj (ex armino/tuyaos_adapter/libtuyaos_adapter.a),armino/tuyaos_adapter/libtuyaos_adapter.a
236,186,50,0,1,237,`ed,tkl_system.c.obj (ex armino/tuyaos_adapter/libtuyaos_adapter.a),armino/tuyaos_adapter/libtuyaos_adapter.a
574,528,46,0,276,850,`352,tuya_tkl_ipc.c.obj (ex armino/tuyaos_adapter/libtuyaos_adapter.a),armino/tuyaos_adapter/libtuyaos_adapter.a
205,180,25,0,0,205,`cd,test_adc.c.obj (ex armino/tuyaos_adapter/libtuyaos_adapter.a),armino/tuyaos_adapter/libtuyaos_adapter.a
582,152,430,0,0,582,`246,test_lcd.c.obj (ex armino/tuyaos_adapter/libtuyaos_adapter.a),armino/tuyaos_adapter/libtuyaos_adapter.a
284,144,140,0,0,284,`11c,test_wifi.c.obj (ex armino/tuyaos_adapter/libtuyaos_adapter.a),armino/tuyaos_adapter/libtuyaos_adapter.a
173,128,45,0,0,173,`ad,test_usb.c.obj (ex armino/tuyaos_adapter/libtuyaos_adapter.a),armino/tuyaos_adapter/libtuyaos_adapter.a
438,276,162,0,0,438,`1b6,test_lp.c.obj (ex armino/tuyaos_adapter/libtuyaos_adapter.a),armino/tuyaos_adapter/libtuyaos_adapter.a
827,528,299,0,36,863,`35f,tkl_wakeup.c.obj (ex armino/tuyaos_adapter/libtuyaos_adapter.a),armino/tuyaos_adapter/libtuyaos_adapter.a
448,420,28,0,4,452,`1c4,tkl_flash.c.obj (ex armino/tuyaos_adapter/libtuyaos_adapter.a),armino/tuyaos_adapter/libtuyaos_adapter.a
405,284,121,0,17,422,`1a6,tkl_lvgl.c.obj (ex armino/tuyaos_adapter/libtuyaos_adapter.a),armino/tuyaos_adapter/libtuyaos_adapter.a
1632,1172,460,0,0,1632,`660,tkl_fs.c.obj (ex armino/tuyaos_adapter/libtuyaos_adapter.a),armino/tuyaos_adapter/libtuyaos_adapter.a
679,332,347,0,0,679,`2a7,fs_init.c.obj (ex armino/tuyaos_adapter/libtuyaos_adapter.a),armino/tuyaos_adapter/libtuyaos_adapter.a
533,528,5,1,82,616,`268,tkl_pwm.c.obj (ex armino/tuyaos_adapter/libtuyaos_adapter.a),armino/tuyaos_adapter/libtuyaos_adapter.a
1225,1076,149,4,1164,2393,`959,tkl_ota.c.obj (ex armino/tuyaos_adapter/libtuyaos_adapter.a),armino/tuyaos_adapter/libtuyaos_adapter.a
44,8,36,0,0,44,`2c,tkl_init_common.c.obj (ex armino/tuyaos_adapter/libtuyaos_adapter.a),armino/tuyaos_adapter/libtuyaos_adapter.a
156,0,156,0,0,156,`9c,tkl_init_network.c.obj (ex armino/tuyaos_adapter/libtuyaos_adapter.a),armino/tuyaos_adapter/libtuyaos_adapter.a
120,0,120,0,0,120,`78,tkl_init_wifi.c.obj (ex armino/tuyaos_adapter/libtuyaos_adapter.a),armino/tuyaos_adapter/libtuyaos_adapter.a
32,0,32,0,0,32,`20,tkl_init_wired.c.obj (ex armino/tuyaos_adapter/libtuyaos_adapter.a),armino/tuyaos_adapter/libtuyaos_adapter.a
2115,1786,329,0,16,2131,`853,tkl_network.c.obj (ex armino/tuyaos_adapter/libtuyaos_adapter.a),armino/tuyaos_adapter/libtuyaos_adapter.a
86,86,0,0,8,94,`5e,tkl_audio_enc.c.obj (ex armino/tuyaos_adapter/libtuyaos_adapter.a),armino/tuyaos_adapter/libtuyaos_adapter.a
212,212,0,0,0,212,`d4,tkl_queue.c.obj (ex armino/tuyaos_adapter/libtuyaos_adapter.a),armino/tuyaos_adapter/libtuyaos_adapter.a
176,176,0,0,0,176,`b0,tkl_semaphore.c.obj (ex armino/tuyaos_adapter/libtuyaos_adapter.a),armino/tuyaos_adapter/libtuyaos_adapter.a
230,230,0,0,0,230,`e6,tkl_thread.c.obj (ex armino/tuyaos_adapter/libtuyaos_adapter.a),armino/tuyaos_adapter/libtuyaos_adapter.a
176,176,0,0,0,176,`b0,tkl_pinmux.c.obj (ex armino/tuyaos_adapter/libtuyaos_adapter.a),armino/tuyaos_adapter/libtuyaos_adapter.a
40,40,0,0,0,40,`28,tkl_watchdog.c.obj (ex armino/tuyaos_adapter/libtuyaos_adapter.a),armino/tuyaos_adapter/libtuyaos_adapter.a
36,36,0,0,0,36,`24,rb.c.obj (ex armino/tuyaos_adapter/libtuyaos_adapter.a),armino/tuyaos_adapter/libtuyaos_adapter.a
68,68,0,0,8,76,`4c,tkl_asr.c.obj (ex armino/tuyaos_adapter/libtuyaos_adapter.a),armino/tuyaos_adapter/libtuyaos_adapter.a
204,204,0,0,6,210,`d2,tkl_video_enc.c.obj (ex armino/tuyaos_adapter/libtuyaos_adapter.a),armino/tuyaos_adapter/libtuyaos_adapter.a
118,118,0,0,0,118,`76,tkl_mutex.c.obj (ex armino/tuyaos_adapter/libtuyaos_adapter.a),armino/tuyaos_adapter/libtuyaos_adapter.a
28,28,0,0,0,28,`1c,tkl_output.c.obj (ex armino/tuyaos_adapter/libtuyaos_adapter.a),armino/tuyaos_adapter/libtuyaos_adapter.a
340,340,0,0,0,340,`154,encrypt.c.obj (ex armino/tuyaos_adapter/libtuyaos_adapter.a),armino/tuyaos_adapter/libtuyaos_adapter.a
384,384,0,0,0,384,`180,tuya_ringbuf.c.obj (ex armino/tuyaos_adapter/libtuyaos_adapter.a),armino/tuyaos_adapter/libtuyaos_adapter.a
172,172,0,0,0,172,`ac,tuya_smartpointer.c.obj (ex armino/tuyaos_adapter/libtuyaos_adapter.a),armino/tuyaos_adapter/libtuyaos_adapter.a
462,462,0,0,0,462,`1ce,tuya_queue.c.obj (ex armino/tuyaos_adapter/libtuyaos_adapter.a),armino/tuyaos_adapter/libtuyaos_adapter.a
44,44,0,0,0,44,`2c,tuya_list.c.obj (ex armino/tuyaos_adapter/libtuyaos_adapter.a),armino/tuyaos_adapter/libtuyaos_adapter.a
146,146,0,0,0,146,`92,tuya_tools.c.obj (ex armino/tuyaos_adapter/libtuyaos_adapter.a),armino/tuyaos_adapter/libtuyaos_adapter.a
28,28,0,0,0,28,`1c,tkl_wired.c.obj (ex armino/tuyaos_adapter/libtuyaos_adapter.a),armino/tuyaos_adapter/libtuyaos_adapter.a
53290,37952,15338,971,2430,56691,`dd73,armino/tuyaos_adapter/libtuyaos_adapter.a,armino/tuyaos_adapter/libtuyaos_adapter.a
7433,6122,1311,0,0,7433,`1d09,ecc.c.obj (ex armino/wolfssl/libwolfssl.a),armino/wolfssl/libwolfssl.a
1391,1374,17,0,0,1391,`56f,sha256.c.obj (ex armino/wolfssl/libwolfssl.a),armino/wolfssl/libwolfssl.a
8818,8800,18,0,0,8818,`2272,sha512.c.obj (ex armino/wolfssl/libwolfssl.a),armino/wolfssl/libwolfssl.a
9558,9220,338,0,0,9558,`2556,tfm.c.obj (ex armino/wolfssl/libwolfssl.a),armino/wolfssl/libwolfssl.a
183,172,11,0,0,183,`b7,random.c.obj (ex armino/wolfssl/libwolfssl.a),armino/wolfssl/libwolfssl.a
50,42,8,0,0,50,`32,wolfmath.c.obj (ex armino/wolfssl/libwolfssl.a),armino/wolfssl/libwolfssl.a
1070,1070,0,0,0,1070,`42e,hmac.c.obj (ex armino/wolfssl/libwolfssl.a),armino/wolfssl/libwolfssl.a
2194,2194,0,0,0,2194,`892,md5.c.obj (ex armino/wolfssl/libwolfssl.a),armino/wolfssl/libwolfssl.a
4032,4032,0,0,0,4032,`fc0,sha.c.obj (ex armino/wolfssl/libwolfssl.a),armino/wolfssl/libwolfssl.a
34729,33026,1703,0,0,34729,`87a9,armino/wolfssl/libwolfssl.a,armino/wolfssl/libwolfssl.a
1206,1174,32,84,0,1290,`50a,fatfs_adapter.c.obj (ex armino/bk_vfs/libbk_vfs.a),armino/bk_vfs/libbk_vfs.a
214,206,8,0,4,218,`da,bk_file_utils.c.obj (ex armino/bk_vfs/libbk_vfs.a),armino/bk_vfs/libbk_vfs.a
1405,1194,211,84,4,1493,`5d5,littlefs_adapter.c.obj (ex armino/bk_vfs/libbk_vfs.a),armino/bk_vfs/libbk_vfs.a
442,442,0,0,100,542,`21e,bk_filesystem.c.obj (ex armino/bk_vfs/libbk_vfs.a),armino/bk_vfs/libbk_vfs.a
1404,1404,0,128,0,1532,`5fc,bk_vfs.c.obj (ex armino/bk_vfs/libbk_vfs.a),armino/bk_vfs/libbk_vfs.a
154,154,0,0,640,794,`31a,bk_fdtable.c.obj (ex armino/bk_vfs/libbk_vfs.a),armino/bk_vfs/libbk_vfs.a
4825,4574,251,296,748,5869,`16ed,armino/bk_vfs/libbk_vfs.a,armino/bk_vfs/libbk_vfs.a
4175,3470,705,0,24,4199,`1067,media_cli.c.obj (ex armino/multimedia/libmultimedia.a),armino/multimedia/libmultimedia.a
7219,4640,2579,1,37,7257,`1c59,media_app.c.obj (ex armino/multimedia/libmultimedia.a),armino/multimedia/libmultimedia.a
1678,1108,570,0,28,1706,`6aa,aud_tras.c.obj (ex armino/multimedia/libmultimedia.a),armino/multimedia/libmultimedia.a
2886,1862,1024,0,28,2914,`b62,storage_app_act.c.obj (ex armino/multimedia/libmultimedia.a),armino/multimedia/libmultimedia.a
565,360,205,0,0,565,`235,media_mailbox_list_util.c.obj (ex armino/multimedia/libmultimedia.a),armino/multimedia/libmultimedia.a
5183,3688,1495,160,24,5367,`14f7,aud_intf.c.obj (ex armino/multimedia/libmultimedia.a),armino/multimedia/libmultimedia.a
1166,728,438,0,29,1195,`4ab,transfer_app_act.c.obj (ex armino/multimedia/libmultimedia.a),armino/multimedia/libmultimedia.a
3835,2458,1377,0,78,3913,`f49,media_app_mailbox.c.obj (ex armino/multimedia/libmultimedia.a),armino/multimedia/libmultimedia.a
201,144,57,0,13,214,`d6,usb_app_act.c.obj (ex armino/multimedia/libmultimedia.a),armino/multimedia/libmultimedia.a
26908,18458,8450,161,261,27330,`6ac2,armino/multimedia/libmultimedia.a,armino/multimedia/libmultimedia.a
2364,1592,772,0,9,2373,`945,media_unit_test.c.obj (ex armino/media_unit_test/libmedia_unit_test.a),armino/media_unit_test/libmedia_unit_test.a
410,368,42,0,0,410,`19a,case_lcd_on_off.c.obj (ex armino/media_unit_test/libmedia_unit_test.a),armino/media_unit_test/libmedia_unit_test.a
427,384,43,0,0,427,`1ab,case_h264_on_off.c.obj (ex armino/media_unit_test/libmedia_unit_test.a),armino/media_unit_test/libmedia_unit_test.a
488,436,52,0,0,488,`1e8,case_pipeline_on_off.c.obj (ex armino/media_unit_test/libmedia_unit_test.a),armino/media_unit_test/libmedia_unit_test.a
477,428,49,0,0,477,`1dd,case_read_frame_on_off.c.obj (ex armino/media_unit_test/libmedia_unit_test.a),armino/media_unit_test/libmedia_unit_test.a
1090,740,350,0,0,1090,`442,case_audio_on_off.c.obj (ex armino/media_unit_test/libmedia_unit_test.a),armino/media_unit_test/libmedia_unit_test.a
1119,824,295,0,4,1123,`463,case_utils.c.obj (ex armino/media_unit_test/libmedia_unit_test.a),armino/media_unit_test/libmedia_unit_test.a
6375,4772,1603,0,13,6388,`18f4,armino/media_unit_test/libmedia_unit_test.a,armino/media_unit_test/libmedia_unit_test.a
2375,2122,253,0,12,2387,`953,sta_mgmt.c.obj (ex /home/noah/Documents/tuya/Projects/T5_TuyaOS-3.12.16/software/TuyaOS/vendor/T5/t5_os/bk_idk/components/bk_libs/bk7258/libs/libwifi.a),/home/noah/Documents/tuya/Projects/T5_TuyaOS-3.12.16/software/TuyaOS/vendor/T5/t5_os/bk_idk/components/bk_libs/bk7258/libs/libwifi.a
2679,2408,271,0,424,3103,`c1f,txl_frame.c.obj (ex /home/noah/Documents/tuya/Projects/T5_TuyaOS-3.12.16/software/TuyaOS/vendor/T5/t5_os/bk_idk/components/bk_libs/bk7258/libs/libwifi.a),/home/noah/Documents/tuya/Projects/T5_TuyaOS-3.12.16/software/TuyaOS/vendor/T5/t5_os/bk_idk/components/bk_libs/bk7258/libs/libwifi.a
6587,5844,743,0,4128,10715,`29db,txl_agg.c.obj (ex /home/noah/Documents/tuya/Projects/T5_TuyaOS-3.12.16/software/TuyaOS/vendor/T5/t5_os/bk_idk/components/bk_libs/bk7258/libs/libwifi.a),/home/noah/Documents/tuya/Projects/T5_TuyaOS-3.12.16/software/TuyaOS/vendor/T5/t5_os/bk_idk/components/bk_libs/bk7258/libs/libwifi.a
7226,6200,1026,0,1488,8714,`220a,txl_he.c.obj (ex /home/noah/Documents/tuya/Projects/T5_TuyaOS-3.12.16/software/TuyaOS/vendor/T5/t5_os/bk_idk/components/bk_libs/bk7258/libs/libwifi.a),/home/noah/Documents/tuya/Projects/T5_TuyaOS-3.12.16/software/TuyaOS/vendor/T5/t5_os/bk_idk/components/bk_libs/bk7258/libs/libwifi.a
5494,4962,532,2,392,5888,`1700,txl_cntrl.c.obj (ex /home/noah/Documents/tuya/Projects/T5_TuyaOS-3.12.16/software/TuyaOS/vendor/T5/t5_os/bk_idk/components/bk_libs/bk7258/libs/libwifi.a),/home/noah/Documents/tuya/Projects/T5_TuyaOS-3.12.16/software/TuyaOS/vendor/T5/t5_os/bk_idk/components/bk_libs/bk7258/libs/libwifi.a
7794,7274,520,0,5120,12914,`3272,rxu_cntrl.c.obj (ex /home/noah/Documents/tuya/Projects/T5_TuyaOS-3.12.16/software/TuyaOS/vendor/T5/t5_os/bk_idk/components/bk_libs/bk7258/libs/libwifi.a),/home/noah/Documents/tuya/Projects/T5_TuyaOS-3.12.16/software/TuyaOS/vendor/T5/t5_os/bk_idk/components/bk_libs/bk7258/libs/libwifi.a
9590,7476,2114,0,36,9626,`259a,rc.c.obj (ex /home/noah/Documents/tuya/Projects/T5_TuyaOS-3.12.16/software/TuyaOS/vendor/T5/t5_os/bk_idk/components/bk_libs/bk7258/libs/libwifi.a),/home/noah/Documents/tuya/Projects/T5_TuyaOS-3.12.16/software/TuyaOS/vendor/T5/t5_os/bk_idk/components/bk_libs/bk7258/libs/libwifi.a
3089,2688,401,0,17728,20817,`5151,rxl_hwdesc.c.obj (ex /home/noah/Documents/tuya/Projects/T5_TuyaOS-3.12.16/software/TuyaOS/vendor/T5/t5_os/bk_idk/components/bk_libs/bk7258/libs/libwifi.a),/home/noah/Documents/tuya/Projects/T5_TuyaOS-3.12.16/software/TuyaOS/vendor/T5/t5_os/bk_idk/components/bk_libs/bk7258/libs/libwifi.a
1499,1442,57,0,0,1499,`5db,mac_ie.c.obj (ex /home/noah/Documents/tuya/Projects/T5_TuyaOS-3.12.16/software/TuyaOS/vendor/T5/t5_os/bk_idk/components/bk_libs/bk7258/libs/libwifi.a),/home/noah/Documents/tuya/Projects/T5_TuyaOS-3.12.16/software/TuyaOS/vendor/T5/t5_os/bk_idk/components/bk_libs/bk7258/libs/libwifi.a
2579,1636,943,0,8,2587,`a1b,dbg.c.obj (ex /home/noah/Documents/tuya/Projects/T5_TuyaOS-3.12.16/software/TuyaOS/vendor/T5/t5_os/bk_idk/components/bk_libs/bk7258/libs/libwifi.a),/home/noah/Documents/tuya/Projects/T5_TuyaOS-3.12.16/software/TuyaOS/vendor/T5/t5_os/bk_idk/components/bk_libs/bk7258/libs/libwifi.a
553,348,205,0,4,557,`22d,trace.c.obj (ex /home/noah/Documents/tuya/Projects/T5_TuyaOS-3.12.16/software/TuyaOS/vendor/T5/t5_os/bk_idk/components/bk_libs/bk7258/libs/libwifi.a),/home/noah/Documents/tuya/Projects/T5_TuyaOS-3.12.16/software/TuyaOS/vendor/T5/t5_os/bk_idk/components/bk_libs/bk7258/libs/libwifi.a
325,184,141,0,0,325,`145,dbg_assert.c.obj (ex /home/noah/Documents/tuya/Projects/T5_TuyaOS-3.12.16/software/TuyaOS/vendor/T5/t5_os/bk_idk/components/bk_libs/bk7258/libs/libwifi.a),/home/noah/Documents/tuya/Projects/T5_TuyaOS-3.12.16/software/TuyaOS/vendor/T5/t5_os/bk_idk/components/bk_libs/bk7258/libs/libwifi.a
750,656,94,0,0,750,`2ee,co_list.c.obj (ex /home/noah/Documents/tuya/Projects/T5_TuyaOS-3.12.16/software/TuyaOS/vendor/T5/t5_os/bk_idk/components/bk_libs/bk7258/libs/libwifi.a),/home/noah/Documents/tuya/Projects/T5_TuyaOS-3.12.16/software/TuyaOS/vendor/T5/t5_os/bk_idk/components/bk_libs/bk7258/libs/libwifi.a
558,280,278,4,0,562,`232,ke_event.c.obj (ex /home/noah/Documents/tuya/Projects/T5_TuyaOS-3.12.16/software/TuyaOS/vendor/T5/t5_os/bk_idk/components/bk_libs/bk7258/libs/libwifi.a),/home/noah/Documents/tuya/Projects/T5_TuyaOS-3.12.16/software/TuyaOS/vendor/T5/t5_os/bk_idk/components/bk_libs/bk7258/libs/libwifi.a
348,266,82,0,0,348,`15c,ke_msg.c.obj (ex /home/noah/Documents/tuya/Projects/T5_TuyaOS-3.12.16/software/TuyaOS/vendor/T5/t5_os/bk_idk/components/bk_libs/bk7258/libs/libwifi.a),/home/noah/Documents/tuya/Projects/T5_TuyaOS-3.12.16/software/TuyaOS/vendor/T5/t5_os/bk_idk/components/bk_libs/bk7258/libs/libwifi.a
1009,820,189,0,0,1009,`3f1,ke_timer.c.obj (ex /home/noah/Documents/tuya/Projects/T5_TuyaOS-3.12.16/software/TuyaOS/vendor/T5/t5_os/bk_idk/components/bk_libs/bk7258/libs/libwifi.a),/home/noah/Documents/tuya/Projects/T5_TuyaOS-3.12.16/software/TuyaOS/vendor/T5/t5_os/bk_idk/components/bk_libs/bk7258/libs/libwifi.a
1441,898,543,0,0,1441,`5a1,ke_task.c.obj (ex /home/noah/Documents/tuya/Projects/T5_TuyaOS-3.12.16/software/TuyaOS/vendor/T5/t5_os/bk_idk/components/bk_libs/bk7258/libs/libwifi.a),/home/noah/Documents/tuya/Projects/T5_TuyaOS-3.12.16/software/TuyaOS/vendor/T5/t5_os/bk_idk/components/bk_libs/bk7258/libs/libwifi.a
1664,1456,208,0,48,1712,`6b0,macif_fhost.c.obj (ex /home/noah/Documents/tuya/Projects/T5_TuyaOS-3.12.16/software/TuyaOS/vendor/T5/t5_os/bk_idk/components/bk_libs/bk7258/libs/libwifi.a),/home/noah/Documents/tuya/Projects/T5_TuyaOS-3.12.16/software/TuyaOS/vendor/T5/t5_os/bk_idk/components/bk_libs/bk7258/libs/libwifi.a
11328,9876,1452,0,696,12024,`2ef8,mcc.c.obj (ex /home/noah/Documents/tuya/Projects/T5_TuyaOS-3.12.16/software/TuyaOS/vendor/T5/t5_os/bk_idk/components/bk_libs/bk7258/libs/libwifi.a),/home/noah/Documents/tuya/Projects/T5_TuyaOS-3.12.16/software/TuyaOS/vendor/T5/t5_os/bk_idk/components/bk_libs/bk7258/libs/libwifi.a
22362,18344,4018,0,488,22850,`5942,mm.c.obj (ex /home/noah/Documents/tuya/Projects/T5_TuyaOS-3.12.16/software/TuyaOS/vendor/T5/t5_os/bk_idk/components/bk_libs/bk7258/libs/libwifi.a),/home/noah/Documents/tuya/Projects/T5_TuyaOS-3.12.16/software/TuyaOS/vendor/T5/t5_os/bk_idk/components/bk_libs/bk7258/libs/libwifi.a
3613,3110,503,0,76,3689,`e69,mm_bcn.c.obj (ex /home/noah/Documents/tuya/Projects/T5_TuyaOS-3.12.16/software/TuyaOS/vendor/T5/t5_os/bk_idk/components/bk_libs/bk7258/libs/libwifi.a),/home/noah/Documents/tuya/Projects/T5_TuyaOS-3.12.16/software/TuyaOS/vendor/T5/t5_os/bk_idk/components/bk_libs/bk7258/libs/libwifi.a
10566,7394,3172,0,2,10568,`2948,mm_task.c.obj (ex /home/noah/Documents/tuya/Projects/T5_TuyaOS-3.12.16/software/TuyaOS/vendor/T5/t5_os/bk_idk/components/bk_libs/bk7258/libs/libwifi.a),/home/noah/Documents/tuya/Projects/T5_TuyaOS-3.12.16/software/TuyaOS/vendor/T5/t5_os/bk_idk/components/bk_libs/bk7258/libs/libwifi.a
982,742,240,0,8,990,`3de,mm_timer.c.obj (ex /home/noah/Documents/tuya/Projects/T5_TuyaOS-3.12.16/software/TuyaOS/vendor/T5/t5_os/bk_idk/components/bk_libs/bk7258/libs/libwifi.a),/home/noah/Documents/tuya/Projects/T5_TuyaOS-3.12.16/software/TuyaOS/vendor/T5/t5_os/bk_idk/components/bk_libs/bk7258/libs/libwifi.a
4405,3684,721,0,33,4438,`1156,ps.c.obj (ex /home/noah/Documents/tuya/Projects/T5_TuyaOS-3.12.16/software/TuyaOS/vendor/T5/t5_os/bk_idk/components/bk_libs/bk7258/libs/libwifi.a),/home/noah/Documents/tuya/Projects/T5_TuyaOS-3.12.16/software/TuyaOS/vendor/T5/t5_os/bk_idk/components/bk_libs/bk7258/libs/libwifi.a
1942,1614,328,3,197,2142,`85e,td.c.obj (ex /home/noah/Documents/tuya/Projects/T5_TuyaOS-3.12.16/software/TuyaOS/vendor/T5/t5_os/bk_idk/components/bk_libs/bk7258/libs/libwifi.a),/home/noah/Documents/tuya/Projects/T5_TuyaOS-3.12.16/software/TuyaOS/vendor/T5/t5_os/bk_idk/components/bk_libs/bk7258/libs/libwifi.a
1369,1320,49,0,80,1449,`5a9,txl_cfm.c.obj (ex /home/noah/Documents/tuya/Projects/T5_TuyaOS-3.12.16/software/TuyaOS/vendor/T5/t5_os/bk_idk/components/bk_libs/bk7258/libs/libwifi.a),/home/noah/Documents/tuya/Projects/T5_TuyaOS-3.12.16/software/TuyaOS/vendor/T5/t5_os/bk_idk/components/bk_libs/bk7258/libs/libwifi.a
963,762,201,0,0,963,`3c3,tpc.c.obj (ex /home/noah/Documents/tuya/Projects/T5_TuyaOS-3.12.16/software/TuyaOS/vendor/T5/t5_os/bk_idk/components/bk_libs/bk7258/libs/libwifi.a),/home/noah/Documents/tuya/Projects/T5_TuyaOS-3.12.16/software/TuyaOS/vendor/T5/t5_os/bk_idk/components/bk_libs/bk7258/libs/libwifi.a
1781,1144,637,0,2,1783,`6f7,scan_task.c.obj (ex /home/noah/Documents/tuya/Projects/T5_TuyaOS-3.12.16/software/TuyaOS/vendor/T5/t5_os/bk_idk/components/bk_libs/bk7258/libs/libwifi.a),/home/noah/Documents/tuya/Projects/T5_TuyaOS-3.12.16/software/TuyaOS/vendor/T5/t5_os/bk_idk/components/bk_libs/bk7258/libs/libwifi.a
1963,1724,239,0,33,1996,`7cc,rxl_cntrl.c.obj (ex /home/noah/Documents/tuya/Projects/T5_TuyaOS-3.12.16/software/TuyaOS/vendor/T5/t5_os/bk_idk/components/bk_libs/bk7258/libs/libwifi.a),/home/noah/Documents/tuya/Projects/T5_TuyaOS-3.12.16/software/TuyaOS/vendor/T5/t5_os/bk_idk/components/bk_libs/bk7258/libs/libwifi.a
8749,5878,2871,0,5,8754,`2232,hal_machw.c.obj (ex /home/noah/Documents/tuya/Projects/T5_TuyaOS-3.12.16/software/TuyaOS/vendor/T5/t5_os/bk_idk/components/bk_libs/bk7258/libs/libwifi.a),/home/noah/Documents/tuya/Projects/T5_TuyaOS-3.12.16/software/TuyaOS/vendor/T5/t5_os/bk_idk/components/bk_libs/bk7258/libs/libwifi.a
10562,8940,1622,0,160,10722,`29e2,sm.c.obj (ex /home/noah/Documents/tuya/Projects/T5_TuyaOS-3.12.16/software/TuyaOS/vendor/T5/t5_os/bk_idk/components/bk_libs/bk7258/libs/libwifi.a),/home/noah/Documents/tuya/Projects/T5_TuyaOS-3.12.16/software/TuyaOS/vendor/T5/t5_os/bk_idk/components/bk_libs/bk7258/libs/libwifi.a
5502,4404,1098,0,2,5504,`1580,sm_task.c.obj (ex /home/noah/Documents/tuya/Projects/T5_TuyaOS-3.12.16/software/TuyaOS/vendor/T5/t5_os/bk_idk/components/bk_libs/bk7258/libs/libwifi.a),/home/noah/Documents/tuya/Projects/T5_TuyaOS-3.12.16/software/TuyaOS/vendor/T5/t5_os/bk_idk/components/bk_libs/bk7258/libs/libwifi.a
4831,4592,239,0,0,4831,`12df,me_utils.c.obj (ex /home/noah/Documents/tuya/Projects/T5_TuyaOS-3.12.16/software/TuyaOS/vendor/T5/t5_os/bk_idk/components/bk_libs/bk7258/libs/libwifi.a),/home/noah/Documents/tuya/Projects/T5_TuyaOS-3.12.16/software/TuyaOS/vendor/T5/t5_os/bk_idk/components/bk_libs/bk7258/libs/libwifi.a
3942,3622,320,0,0,3942,`f66,me_mgmtframe.c.obj (ex /home/noah/Documents/tuya/Projects/T5_TuyaOS-3.12.16/software/TuyaOS/vendor/T5/t5_os/bk_idk/components/bk_libs/bk7258/libs/libwifi.a),/home/noah/Documents/tuya/Projects/T5_TuyaOS-3.12.16/software/TuyaOS/vendor/T5/t5_os/bk_idk/components/bk_libs/bk7258/libs/libwifi.a
2750,2400,350,4,112,2866,`b32,me_strategy.c.obj (ex /home/noah/Documents/tuya/Projects/T5_TuyaOS-3.12.16/software/TuyaOS/vendor/T5/t5_os/bk_idk/components/bk_libs/bk7258/libs/libwifi.a),/home/noah/Documents/tuya/Projects/T5_TuyaOS-3.12.16/software/TuyaOS/vendor/T5/t5_os/bk_idk/components/bk_libs/bk7258/libs/libwifi.a
418,316,102,0,396,814,`32e,me.c.obj (ex /home/noah/Documents/tuya/Projects/T5_TuyaOS-3.12.16/software/TuyaOS/vendor/T5/t5_os/bk_idk/components/bk_libs/bk7258/libs/libwifi.a),/home/noah/Documents/tuya/Projects/T5_TuyaOS-3.12.16/software/TuyaOS/vendor/T5/t5_os/bk_idk/components/bk_libs/bk7258/libs/libwifi.a
4053,3300,753,0,2,4055,`fd7,me_task.c.obj (ex /home/noah/Documents/tuya/Projects/T5_TuyaOS-3.12.16/software/TuyaOS/vendor/T5/t5_os/bk_idk/components/bk_libs/bk7258/libs/libwifi.a),/home/noah/Documents/tuya/Projects/T5_TuyaOS-3.12.16/software/TuyaOS/vendor/T5/t5_os/bk_idk/components/bk_libs/bk7258/libs/libwifi.a
5754,5322,432,0,3296,9050,`235a,scanu.c.obj (ex /home/noah/Documents/tuya/Projects/T5_TuyaOS-3.12.16/software/TuyaOS/vendor/T5/t5_os/bk_idk/components/bk_libs/bk7258/libs/libwifi.a),/home/noah/Documents/tuya/Projects/T5_TuyaOS-3.12.16/software/TuyaOS/vendor/T5/t5_os/bk_idk/components/bk_libs/bk7258/libs/libwifi.a
1524,972,552,0,2,1526,`5f6,scanu_task.c.obj (ex /home/noah/Documents/tuya/Projects/T5_TuyaOS-3.12.16/software/TuyaOS/vendor/T5/t5_os/bk_idk/components/bk_libs/bk7258/libs/libwifi.a),/home/noah/Documents/tuya/Projects/T5_TuyaOS-3.12.16/software/TuyaOS/vendor/T5/t5_os/bk_idk/components/bk_libs/bk7258/libs/libwifi.a
1973,1444,529,0,0,1973,`7b5,mfp_bip.c.obj (ex /home/noah/Documents/tuya/Projects/T5_TuyaOS-3.12.16/software/TuyaOS/vendor/T5/t5_os/bk_idk/components/bk_libs/bk7258/libs/libwifi.a),/home/noah/Documents/tuya/Projects/T5_TuyaOS-3.12.16/software/TuyaOS/vendor/T5/t5_os/bk_idk/components/bk_libs/bk7258/libs/libwifi.a
1714,1504,210,0,26,1740,`6cc,bam_task.c.obj (ex /home/noah/Documents/tuya/Projects/T5_TuyaOS-3.12.16/software/TuyaOS/vendor/T5/t5_os/bk_idk/components/bk_libs/bk7258/libs/libwifi.a),/home/noah/Documents/tuya/Projects/T5_TuyaOS-3.12.16/software/TuyaOS/vendor/T5/t5_os/bk_idk/components/bk_libs/bk7258/libs/libwifi.a
3532,3138,394,0,844,4376,`1118,bam.c.obj (ex /home/noah/Documents/tuya/Projects/T5_TuyaOS-3.12.16/software/TuyaOS/vendor/T5/t5_os/bk_idk/components/bk_libs/bk7258/libs/libwifi.a),/home/noah/Documents/tuya/Projects/T5_TuyaOS-3.12.16/software/TuyaOS/vendor/T5/t5_os/bk_idk/components/bk_libs/bk7258/libs/libwifi.a
2511,2336,175,0,16,2527,`9df,apm.c.obj (ex /home/noah/Documents/tuya/Projects/T5_TuyaOS-3.12.16/software/TuyaOS/vendor/T5/t5_os/bk_idk/components/bk_libs/bk7258/libs/libwifi.a),/home/noah/Documents/tuya/Projects/T5_TuyaOS-3.12.16/software/TuyaOS/vendor/T5/t5_os/bk_idk/components/bk_libs/bk7258/libs/libwifi.a
1817,1264,553,0,2,1819,`71b,apm_task.c.obj (ex /home/noah/Documents/tuya/Projects/T5_TuyaOS-3.12.16/software/TuyaOS/vendor/T5/t5_os/bk_idk/components/bk_libs/bk7258/libs/libwifi.a),/home/noah/Documents/tuya/Projects/T5_TuyaOS-3.12.16/software/TuyaOS/vendor/T5/t5_os/bk_idk/components/bk_libs/bk7258/libs/libwifi.a
4153,3728,425,0,36,4189,`105d,txu_cntrl.c.obj (ex /home/noah/Documents/tuya/Projects/T5_TuyaOS-3.12.16/software/TuyaOS/vendor/T5/t5_os/bk_idk/components/bk_libs/bk7258/libs/libwifi.a),/home/noah/Documents/tuya/Projects/T5_TuyaOS-3.12.16/software/TuyaOS/vendor/T5/t5_os/bk_idk/components/bk_libs/bk7258/libs/libwifi.a
2675,2478,197,0,643,3318,`cf6,twt.c.obj (ex /home/noah/Documents/tuya/Projects/T5_TuyaOS-3.12.16/software/TuyaOS/vendor/T5/t5_os/bk_idk/components/bk_libs/bk7258/libs/libwifi.a),/home/noah/Documents/tuya/Projects/T5_TuyaOS-3.12.16/software/TuyaOS/vendor/T5/t5_os/bk_idk/components/bk_libs/bk7258/libs/libwifi.a
985,784,201,0,2,987,`3db,ftm_task.c.obj (ex /home/noah/Documents/tuya/Projects/T5_TuyaOS-3.12.16/software/TuyaOS/vendor/T5/t5_os/bk_idk/components/bk_libs/bk7258/libs/libwifi.a),/home/noah/Documents/tuya/Projects/T5_TuyaOS-3.12.16/software/TuyaOS/vendor/T5/t5_os/bk_idk/components/bk_libs/bk7258/libs/libwifi.a
2143,1554,589,140,0,2283,`8eb,bk_wifi_phy_api.c.obj (ex /home/noah/Documents/tuya/Projects/T5_TuyaOS-3.12.16/software/TuyaOS/vendor/T5/t5_os/bk_idk/components/bk_libs/bk7258/libs/libwifi.a),/home/noah/Documents/tuya/Projects/T5_TuyaOS-3.12.16/software/TuyaOS/vendor/T5/t5_os/bk_idk/components/bk_libs/bk7258/libs/libwifi.a
415,384,31,0,0,415,`19f,txl_buffer.c.obj (ex /home/noah/Documents/tuya/Projects/T5_TuyaOS-3.12.16/software/TuyaOS/vendor/T5/t5_os/bk_idk/components/bk_libs/bk7258/libs/libwifi.a),/home/noah/Documents/tuya/Projects/T5_TuyaOS-3.12.16/software/TuyaOS/vendor/T5/t5_os/bk_idk/components/bk_libs/bk7258/libs/libwifi.a
463,450,13,0,0,463,`1cf,me_mic.c.obj (ex /home/noah/Documents/tuya/Projects/T5_TuyaOS-3.12.16/software/TuyaOS/vendor/T5/t5_os/bk_idk/components/bk_libs/bk7258/libs/libwifi.a),/home/noah/Documents/tuya/Projects/T5_TuyaOS-3.12.16/software/TuyaOS/vendor/T5/t5_os/bk_idk/components/bk_libs/bk7258/libs/libwifi.a
4888,4034,854,0,2664,7552,`1d80,vif_mgmt.c.obj (ex /home/noah/Documents/tuya/Projects/T5_TuyaOS-3.12.16/software/TuyaOS/vendor/T5/t5_os/bk_idk/components/bk_libs/bk7258/libs/libwifi.a),/home/noah/Documents/tuya/Projects/T5_TuyaOS-3.12.16/software/TuyaOS/vendor/T5/t5_os/bk_idk/components/bk_libs/bk7258/libs/libwifi.a
514,440,74,0,8,522,`20a,crm.c.obj (ex /home/noah/Documents/tuya/Projects/T5_TuyaOS-3.12.16/software/TuyaOS/vendor/T5/t5_os/bk_idk/components/bk_libs/bk7258/libs/libwifi.a),/home/noah/Documents/tuya/Projects/T5_TuyaOS-3.12.16/software/TuyaOS/vendor/T5/t5_os/bk_idk/components/bk_libs/bk7258/libs/libwifi.a
1017,968,49,0,96,1113,`459,ftm.c.obj (ex /home/noah/Documents/tuya/Projects/T5_TuyaOS-3.12.16/software/TuyaOS/vendor/T5/t5_os/bk_idk/components/bk_libs/bk7258/libs/libwifi.a),/home/noah/Documents/tuya/Projects/T5_TuyaOS-3.12.16/software/TuyaOS/vendor/T5/t5_os/bk_idk/components/bk_libs/bk7258/libs/libwifi.a
2325,2014,311,0,44,2369,`941,scan.c.obj (ex /home/noah/Documents/tuya/Projects/T5_TuyaOS-3.12.16/software/TuyaOS/vendor/T5/t5_os/bk_idk/components/bk_libs/bk7258/libs/libwifi.a),/home/noah/Documents/tuya/Projects/T5_TuyaOS-3.12.16/software/TuyaOS/vendor/T5/t5_os/bk_idk/components/bk_libs/bk7258/libs/libwifi.a
2763,2398,365,0,41,2804,`af4,rwnx.c.obj (ex /home/noah/Documents/tuya/Projects/T5_TuyaOS-3.12.16/software/TuyaOS/vendor/T5/t5_os/bk_idk/components/bk_libs/bk7258/libs/libwifi.a),/home/noah/Documents/tuya/Projects/T5_TuyaOS-3.12.16/software/TuyaOS/vendor/T5/t5_os/bk_idk/components/bk_libs/bk7258/libs/libwifi.a
7858,6964,894,0,53,7911,`1ee7,phy_karst_bk7236.c.obj (ex /home/noah/Documents/tuya/Projects/T5_TuyaOS-3.12.16/software/TuyaOS/vendor/T5/t5_os/bk_idk/components/bk_libs/bk7258/libs/libwifi.a),/home/noah/Documents/tuya/Projects/T5_TuyaOS-3.12.16/software/TuyaOS/vendor/T5/t5_os/bk_idk/components/bk_libs/bk7258/libs/libwifi.a
405,366,39,0,0,405,`195,mac.c.obj (ex /home/noah/Documents/tuya/Projects/T5_TuyaOS-3.12.16/software/TuyaOS/vendor/T5/t5_os/bk_idk/components/bk_libs/bk7258/libs/libwifi.a),/home/noah/Documents/tuya/Projects/T5_TuyaOS-3.12.16/software/TuyaOS/vendor/T5/t5_os/bk_idk/components/bk_libs/bk7258/libs/libwifi.a
22,2,20,0,0,22,`16,tx_swdesc.c.obj (ex /home/noah/Documents/tuya/Projects/T5_TuyaOS-3.12.16/software/TuyaOS/vendor/T5/t5_os/bk_idk/components/bk_libs/bk7258/libs/libwifi.a),/home/noah/Documents/tuya/Projects/T5_TuyaOS-3.12.16/software/TuyaOS/vendor/T5/t5_os/bk_idk/components/bk_libs/bk7258/libs/libwifi.a
665,604,61,0,0,665,`299,twt_task.c.obj (ex /home/noah/Documents/tuya/Projects/T5_TuyaOS-3.12.16/software/TuyaOS/vendor/T5/t5_os/bk_idk/components/bk_libs/bk7258/libs/libwifi.a),/home/noah/Documents/tuya/Projects/T5_TuyaOS-3.12.16/software/TuyaOS/vendor/T5/t5_os/bk_idk/components/bk_libs/bk7258/libs/libwifi.a
68,56,12,0,0,68,`44,llc.c.obj (ex /home/noah/Documents/tuya/Projects/T5_TuyaOS-3.12.16/software/TuyaOS/vendor/T5/t5_os/bk_idk/components/bk_libs/bk7258/libs/libwifi.a),/home/noah/Documents/tuya/Projects/T5_TuyaOS-3.12.16/software/TuyaOS/vendor/T5/t5_os/bk_idk/components/bk_libs/bk7258/libs/libwifi.a
1024,0,1024,0,0,1024,`400,co_math.c.obj (ex /home/noah/Documents/tuya/Projects/T5_TuyaOS-3.12.16/software/TuyaOS/vendor/T5/t5_os/bk_idk/components/bk_libs/bk7258/libs/libwifi.a),/home/noah/Documents/tuya/Projects/T5_TuyaOS-3.12.16/software/TuyaOS/vendor/T5/t5_os/bk_idk/components/bk_libs/bk7258/libs/libwifi.a
58,58,0,0,0,58,`3a,ke_queue.c.obj (ex /home/noah/Documents/tuya/Projects/T5_TuyaOS-3.12.16/software/TuyaOS/vendor/T5/t5_os/bk_idk/components/bk_libs/bk7258/libs/libwifi.a),/home/noah/Documents/tuya/Projects/T5_TuyaOS-3.12.16/software/TuyaOS/vendor/T5/t5_os/bk_idk/components/bk_libs/bk7258/libs/libwifi.a
12,12,0,0,0,12,`c,hal_mib.c.obj (ex /home/noah/Documents/tuya/Projects/T5_TuyaOS-3.12.16/software/TuyaOS/vendor/T5/t5_os/bk_idk/components/bk_libs/bk7258/libs/libwifi.a),/home/noah/Documents/tuya/Projects/T5_TuyaOS-3.12.16/software/TuyaOS/vendor/T5/t5_os/bk_idk/components/bk_libs/bk7258/libs/libwifi.a
760,760,0,0,0,760,`2f8,mfp.c.obj (ex /home/noah/Documents/tuya/Projects/T5_TuyaOS-3.12.16/software/TuyaOS/vendor/T5/t5_os/bk_idk/components/bk_libs/bk7258/libs/libwifi.a),/home/noah/Documents/tuya/Projects/T5_TuyaOS-3.12.16/software/TuyaOS/vendor/T5/t5_os/bk_idk/components/bk_libs/bk7258/libs/libwifi.a
6,6,0,0,0,6,`6,dbg_print.c.obj (ex /home/noah/Documents/tuya/Projects/T5_TuyaOS-3.12.16/software/TuyaOS/vendor/T5/t5_os/bk_idk/components/bk_libs/bk7258/libs/libwifi.a),/home/noah/Documents/tuya/Projects/T5_TuyaOS-3.12.16/software/TuyaOS/vendor/T5/t5_os/bk_idk/components/bk_libs/bk7258/libs/libwifi.a
0,0,0,0,28,28,`1c,ke_env.c.obj (ex /home/noah/Documents/tuya/Projects/T5_TuyaOS-3.12.16/software/TuyaOS/vendor/T5/t5_os/bk_idk/components/bk_libs/bk7258/libs/libwifi.a),/home/noah/Documents/tuya/Projects/T5_TuyaOS-3.12.16/software/TuyaOS/vendor/T5/t5_os/bk_idk/components/bk_libs/bk7258/libs/libwifi.a
0,0,0,0,3928,3928,`f58,txl_frame_shared.c.obj (ex /home/noah/Documents/tuya/Projects/T5_TuyaOS-3.12.16/software/TuyaOS/vendor/T5/t5_os/bk_idk/components/bk_libs/bk7258/libs/libwifi.a),/home/noah/Documents/tuya/Projects/T5_TuyaOS-3.12.16/software/TuyaOS/vendor/T5/t5_os/bk_idk/components/bk_libs/bk7258/libs/libwifi.a
0,0,0,0,132,132,`84,txl_buffer_shared.c.obj (ex /home/noah/Documents/tuya/Projects/T5_TuyaOS-3.12.16/software/TuyaOS/vendor/T5/t5_os/bk_idk/components/bk_libs/bk7258/libs/libwifi.a),/home/noah/Documents/tuya/Projects/T5_TuyaOS-3.12.16/software/TuyaOS/vendor/T5/t5_os/bk_idk/components/bk_libs/bk7258/libs/libwifi.a
0,0,0,0,320,320,`140,scan_shared.c.obj (ex /home/noah/Documents/tuya/Projects/T5_TuyaOS-3.12.16/software/TuyaOS/vendor/T5/t5_os/bk_idk/components/bk_libs/bk7258/libs/libwifi.a),/home/noah/Documents/tuya/Projects/T5_TuyaOS-3.12.16/software/TuyaOS/vendor/T5/t5_os/bk_idk/components/bk_libs/bk7258/libs/libwifi.a
0,0,0,0,200,200,`c8,scanu_shared.c.obj (ex /home/noah/Documents/tuya/Projects/T5_TuyaOS-3.12.16/software/TuyaOS/vendor/T5/t5_os/bk_idk/components/bk_libs/bk7258/libs/libwifi.a),/home/noah/Documents/tuya/Projects/T5_TuyaOS-3.12.16/software/TuyaOS/vendor/T5/t5_os/bk_idk/components/bk_libs/bk7258/libs/libwifi.a
209685,174166,35519,153,44061,253899,`3dfcb,/home/noah/Documents/tuya/Projects/T5_TuyaOS-3.12.16/software/TuyaOS/vendor/T5/t5_os/bk_idk/components/bk_libs/bk7258/libs/libwifi.a,/home/noah/Documents/tuya/Projects/T5_TuyaOS-3.12.16/software/TuyaOS/vendor/T5/t5_os/bk_idk/components/bk_libs/bk7258/libs/libwifi.a
3563,2676,887,26,12306,15895,`3e17,ble_main.c.obj (ex /home/noah/Documents/tuya/Projects/T5_TuyaOS-3.12.16/software/TuyaOS/vendor/T5/t5_os/bk_idk/components/bk_libs/bk7258/libs/libbluetooth_controller_controller_only.a),/home/noah/Documents/tuya/Projects/T5_TuyaOS-3.12.16/software/TuyaOS/vendor/T5/t5_os/bk_idk/components/bk_libs/bk7258/libs/libbluetooth_controller_controller_only.a
1598,996,602,0,0,1598,`63e,llc_llcp.c.obj (ex /home/noah/Documents/tuya/Projects/T5_TuyaOS-3.12.16/software/TuyaOS/vendor/T5/t5_os/bk_idk/components/bk_libs/bk7258/libs/libbluetooth_controller_controller_only.a),/home/noah/Documents/tuya/Projects/T5_TuyaOS-3.12.16/software/TuyaOS/vendor/T5/t5_os/bk_idk/components/bk_libs/bk7258/libs/libbluetooth_controller_controller_only.a
5067,3328,1739,0,0,5067,`13cb,hci_msg.c.obj (ex /home/noah/Documents/tuya/Projects/T5_TuyaOS-3.12.16/software/TuyaOS/vendor/T5/t5_os/bk_idk/components/bk_libs/bk7258/libs/libbluetooth_controller_controller_only.a),/home/noah/Documents/tuya/Projects/T5_TuyaOS-3.12.16/software/TuyaOS/vendor/T5/t5_os/bk_idk/components/bk_libs/bk7258/libs/libbluetooth_controller_controller_only.a
3979,3274,705,0,0,3979,`f8b,llm_hci.c.obj (ex /home/noah/Documents/tuya/Projects/T5_TuyaOS-3.12.16/software/TuyaOS/vendor/T5/t5_os/bk_idk/components/bk_libs/bk7258/libs/libbluetooth_controller_controller_only.a),/home/noah/Documents/tuya/Projects/T5_TuyaOS-3.12.16/software/TuyaOS/vendor/T5/t5_os/bk_idk/components/bk_libs/bk7258/libs/libbluetooth_controller_controller_only.a
1294,1208,86,0,8,1302,`516,bluetooth_osi_wrapper.c.obj (ex /home/noah/Documents/tuya/Projects/T5_TuyaOS-3.12.16/software/TuyaOS/vendor/T5/t5_os/bk_idk/components/bk_libs/bk7258/libs/libbluetooth_controller_controller_only.a),/home/noah/Documents/tuya/Projects/T5_TuyaOS-3.12.16/software/TuyaOS/vendor/T5/t5_os/bk_idk/components/bk_libs/bk7258/libs/libbluetooth_controller_controller_only.a
2827,2326,501,12,1091,3930,`f5a,uart_ble.c.obj (ex /home/noah/Documents/tuya/Projects/T5_TuyaOS-3.12.16/software/TuyaOS/vendor/T5/t5_os/bk_idk/components/bk_libs/bk7258/libs/libbluetooth_controller_controller_only.a),/home/noah/Documents/tuya/Projects/T5_TuyaOS-3.12.16/software/TuyaOS/vendor/T5/t5_os/bk_idk/components/bk_libs/bk7258/libs/libbluetooth_controller_controller_only.a
1303,946,357,16,28,1347,`543,uart_controller_only.c.obj (ex /home/noah/Documents/tuya/Projects/T5_TuyaOS-3.12.16/software/TuyaOS/vendor/T5/t5_os/bk_idk/components/bk_libs/bk7258/libs/libbluetooth_controller_controller_only.a),/home/noah/Documents/tuya/Projects/T5_TuyaOS-3.12.16/software/TuyaOS/vendor/T5/t5_os/bk_idk/components/bk_libs/bk7258/libs/libbluetooth_controller_controller_only.a
1793,1646,147,0,16,1809,`711,llc.c.obj (ex /home/noah/Documents/tuya/Projects/T5_TuyaOS-3.12.16/software/TuyaOS/vendor/T5/t5_os/bk_idk/components/bk_libs/bk7258/libs/libbluetooth_controller_controller_only.a),/home/noah/Documents/tuya/Projects/T5_TuyaOS-3.12.16/software/TuyaOS/vendor/T5/t5_os/bk_idk/components/bk_libs/bk7258/libs/libbluetooth_controller_controller_only.a
1689,1660,29,0,0,1689,`699,llc_dl_upd.c.obj (ex /home/noah/Documents/tuya/Projects/T5_TuyaOS-3.12.16/software/TuyaOS/vendor/T5/t5_os/bk_idk/components/bk_libs/bk7258/libs/libbluetooth_controller_controller_only.a),/home/noah/Documents/tuya/Projects/T5_TuyaOS-3.12.16/software/TuyaOS/vendor/T5/t5_os/bk_idk/components/bk_libs/bk7258/libs/libbluetooth_controller_controller_only.a
820,754,66,0,0,820,`334,llc_le_ping.c.obj (ex /home/noah/Documents/tuya/Projects/T5_TuyaOS-3.12.16/software/TuyaOS/vendor/T5/t5_os/bk_idk/components/bk_libs/bk7258/libs/libbluetooth_controller_controller_only.a),/home/noah/Documents/tuya/Projects/T5_TuyaOS-3.12.16/software/TuyaOS/vendor/T5/t5_os/bk_idk/components/bk_libs/bk7258/libs/libbluetooth_controller_controller_only.a
3157,3010,147,0,0,3157,`c55,llc_phy_upd.c.obj (ex /home/noah/Documents/tuya/Projects/T5_TuyaOS-3.12.16/software/TuyaOS/vendor/T5/t5_os/bk_idk/components/bk_libs/bk7258/libs/libbluetooth_controller_controller_only.a),/home/noah/Documents/tuya/Projects/T5_TuyaOS-3.12.16/software/TuyaOS/vendor/T5/t5_os/bk_idk/components/bk_libs/bk7258/libs/libbluetooth_controller_controller_only.a
955,904,51,0,0,955,`3bb,llc_ver_exch.c.obj (ex /home/noah/Documents/tuya/Projects/T5_TuyaOS-3.12.16/software/TuyaOS/vendor/T5/t5_os/bk_idk/components/bk_libs/bk7258/libs/libbluetooth_controller_controller_only.a),/home/noah/Documents/tuya/Projects/T5_TuyaOS-3.12.16/software/TuyaOS/vendor/T5/t5_os/bk_idk/components/bk_libs/bk7258/libs/libbluetooth_controller_controller_only.a
10862,9076,1786,0,16,10878,`2a7e,lld_adv.c.obj (ex /home/noah/Documents/tuya/Projects/T5_TuyaOS-3.12.16/software/TuyaOS/vendor/T5/t5_os/bk_idk/components/bk_libs/bk7258/libs/libbluetooth_controller_controller_only.a),/home/noah/Documents/tuya/Projects/T5_TuyaOS-3.12.16/software/TuyaOS/vendor/T5/t5_os/bk_idk/components/bk_libs/bk7258/libs/libbluetooth_controller_controller_only.a
10015,8228,1787,0,16,10031,`272f,lld_con.c.obj (ex /home/noah/Documents/tuya/Projects/T5_TuyaOS-3.12.16/software/TuyaOS/vendor/T5/t5_os/bk_idk/components/bk_libs/bk7258/libs/libbluetooth_controller_controller_only.a),/home/noah/Documents/tuya/Projects/T5_TuyaOS-3.12.16/software/TuyaOS/vendor/T5/t5_os/bk_idk/components/bk_libs/bk7258/libs/libbluetooth_controller_controller_only.a
3454,2400,1054,0,5,3459,`d83,lld_test.c.obj (ex /home/noah/Documents/tuya/Projects/T5_TuyaOS-3.12.16/software/TuyaOS/vendor/T5/t5_os/bk_idk/components/bk_libs/bk7258/libs/libbluetooth_controller_controller_only.a),/home/noah/Documents/tuya/Projects/T5_TuyaOS-3.12.16/software/TuyaOS/vendor/T5/t5_os/bk_idk/components/bk_libs/bk7258/libs/libbluetooth_controller_controller_only.a
1291,1246,45,0,0,1291,`50b,llm_test.c.obj (ex /home/noah/Documents/tuya/Projects/T5_TuyaOS-3.12.16/software/TuyaOS/vendor/T5/t5_os/bk_idk/components/bk_libs/bk7258/libs/libbluetooth_controller_controller_only.a),/home/noah/Documents/tuya/Projects/T5_TuyaOS-3.12.16/software/TuyaOS/vendor/T5/t5_os/bk_idk/components/bk_libs/bk7258/libs/libbluetooth_controller_controller_only.a
350,328,22,0,8,358,`166,sch_alarm.c.obj (ex /home/noah/Documents/tuya/Projects/T5_TuyaOS-3.12.16/software/TuyaOS/vendor/T5/t5_os/bk_idk/components/bk_libs/bk7258/libs/libbluetooth_controller_controller_only.a),/home/noah/Documents/tuya/Projects/T5_TuyaOS-3.12.16/software/TuyaOS/vendor/T5/t5_os/bk_idk/components/bk_libs/bk7258/libs/libbluetooth_controller_controller_only.a
1941,1696,245,0,24,1965,`7ad,sch_arb.c.obj (ex /home/noah/Documents/tuya/Projects/T5_TuyaOS-3.12.16/software/TuyaOS/vendor/T5/t5_os/bk_idk/components/bk_libs/bk7258/libs/libbluetooth_controller_controller_only.a),/home/noah/Documents/tuya/Projects/T5_TuyaOS-3.12.16/software/TuyaOS/vendor/T5/t5_os/bk_idk/components/bk_libs/bk7258/libs/libbluetooth_controller_controller_only.a
1314,1250,64,0,9,1323,`52b,sch_plan.c.obj (ex /home/noah/Documents/tuya/Projects/T5_TuyaOS-3.12.16/software/TuyaOS/vendor/T5/t5_os/bk_idk/components/bk_libs/bk7258/libs/libbluetooth_controller_controller_only.a),/home/noah/Documents/tuya/Projects/T5_TuyaOS-3.12.16/software/TuyaOS/vendor/T5/t5_os/bk_idk/components/bk_libs/bk7258/libs/libbluetooth_controller_controller_only.a
2284,1486,798,0,260,2544,`9f0,sch_prog.c.obj (ex /home/noah/Documents/tuya/Projects/T5_TuyaOS-3.12.16/software/TuyaOS/vendor/T5/t5_os/bk_idk/components/bk_libs/bk7258/libs/libbluetooth_controller_controller_only.a),/home/noah/Documents/tuya/Projects/T5_TuyaOS-3.12.16/software/TuyaOS/vendor/T5/t5_os/bk_idk/components/bk_libs/bk7258/libs/libbluetooth_controller_controller_only.a
697,580,117,0,56,753,`2f1,sch_slice.c.obj (ex /home/noah/Documents/tuya/Projects/T5_TuyaOS-3.12.16/software/TuyaOS/vendor/T5/t5_os/bk_idk/components/bk_libs/bk7258/libs/libbluetooth_controller_controller_only.a),/home/noah/Documents/tuya/Projects/T5_TuyaOS-3.12.16/software/TuyaOS/vendor/T5/t5_os/bk_idk/components/bk_libs/bk7258/libs/libbluetooth_controller_controller_only.a
1007,672,335,0,33,1040,`410,hci.c.obj (ex /home/noah/Documents/tuya/Projects/T5_TuyaOS-3.12.16/software/TuyaOS/vendor/T5/t5_os/bk_idk/components/bk_libs/bk7258/libs/libbluetooth_controller_controller_only.a),/home/noah/Documents/tuya/Projects/T5_TuyaOS-3.12.16/software/TuyaOS/vendor/T5/t5_os/bk_idk/components/bk_libs/bk7258/libs/libbluetooth_controller_controller_only.a
1794,1648,146,0,32,1826,`722,hci_tl.c.obj (ex /home/noah/Documents/tuya/Projects/T5_TuyaOS-3.12.16/software/TuyaOS/vendor/T5/t5_os/bk_idk/components/bk_libs/bk7258/libs/libbluetooth_controller_controller_only.a),/home/noah/Documents/tuya/Projects/T5_TuyaOS-3.12.16/software/TuyaOS/vendor/T5/t5_os/bk_idk/components/bk_libs/bk7258/libs/libbluetooth_controller_controller_only.a
1347,1032,315,0,38,1385,`569,hci_packet_parser.c.obj (ex /home/noah/Documents/tuya/Projects/T5_TuyaOS-3.12.16/software/TuyaOS/vendor/T5/t5_os/bk_idk/components/bk_libs/bk7258/libs/libbluetooth_controller_controller_only.a),/home/noah/Documents/tuya/Projects/T5_TuyaOS-3.12.16/software/TuyaOS/vendor/T5/t5_os/bk_idk/components/bk_libs/bk7258/libs/libbluetooth_controller_controller_only.a
696,460,236,0,0,696,`2b8,common_list.c.obj (ex /home/noah/Documents/tuya/Projects/T5_TuyaOS-3.12.16/software/TuyaOS/vendor/T5/t5_os/bk_idk/components/bk_libs/bk7258/libs/libbluetooth_controller_controller_only.a),/home/noah/Documents/tuya/Projects/T5_TuyaOS-3.12.16/software/TuyaOS/vendor/T5/t5_os/bk_idk/components/bk_libs/bk7258/libs/libbluetooth_controller_controller_only.a
1007,796,211,0,0,1007,`3ef,kernel_mem.c.obj (ex /home/noah/Documents/tuya/Projects/T5_TuyaOS-3.12.16/software/TuyaOS/vendor/T5/t5_os/bk_idk/components/bk_libs/bk7258/libs/libbluetooth_controller_controller_only.a),/home/noah/Documents/tuya/Projects/T5_TuyaOS-3.12.16/software/TuyaOS/vendor/T5/t5_os/bk_idk/components/bk_libs/bk7258/libs/libbluetooth_controller_controller_only.a
181,152,29,0,0,181,`b5,kernel_msg.c.obj (ex /home/noah/Documents/tuya/Projects/T5_TuyaOS-3.12.16/software/TuyaOS/vendor/T5/t5_os/bk_idk/components/bk_libs/bk7258/libs/libbluetooth_controller_controller_only.a),/home/noah/Documents/tuya/Projects/T5_TuyaOS-3.12.16/software/TuyaOS/vendor/T5/t5_os/bk_idk/components/bk_libs/bk7258/libs/libbluetooth_controller_controller_only.a
900,710,190,0,12,912,`390,kernel_task.c.obj (ex /home/noah/Documents/tuya/Projects/T5_TuyaOS-3.12.16/software/TuyaOS/vendor/T5/t5_os/bk_idk/components/bk_libs/bk7258/libs/libbluetooth_controller_controller_only.a),/home/noah/Documents/tuya/Projects/T5_TuyaOS-3.12.16/software/TuyaOS/vendor/T5/t5_os/bk_idk/components/bk_libs/bk7258/libs/libbluetooth_controller_controller_only.a
245,220,25,0,0,245,`f5,kernel_timer.c.obj (ex /home/noah/Documents/tuya/Projects/T5_TuyaOS-3.12.16/software/TuyaOS/vendor/T5/t5_os/bk_idk/components/bk_libs/bk7258/libs/libbluetooth_controller_controller_only.a),/home/noah/Documents/tuya/Projects/T5_TuyaOS-3.12.16/software/TuyaOS/vendor/T5/t5_os/bk_idk/components/bk_libs/bk7258/libs/libbluetooth_controller_controller_only.a
127,104,23,0,0,127,`7f,ble_util.c.obj (ex /home/noah/Documents/tuya/Projects/T5_TuyaOS-3.12.16/software/TuyaOS/vendor/T5/t5_os/bk_idk/components/bk_libs/bk7258/libs/libbluetooth_controller_controller_only.a),/home/noah/Documents/tuya/Projects/T5_TuyaOS-3.12.16/software/TuyaOS/vendor/T5/t5_os/bk_idk/components/bk_libs/bk7258/libs/libbluetooth_controller_controller_only.a
945,820,125,0,248,1193,`4a9,ble_util_buf.c.obj (ex /home/noah/Documents/tuya/Projects/T5_TuyaOS-3.12.16/software/TuyaOS/vendor/T5/t5_os/bk_idk/components/bk_libs/bk7258/libs/libbluetooth_controller_controller_only.a),/home/noah/Documents/tuya/Projects/T5_TuyaOS-3.12.16/software/TuyaOS/vendor/T5/t5_os/bk_idk/components/bk_libs/bk7258/libs/libbluetooth_controller_controller_only.a
1228,1144,84,0,0,1228,`4cc,llc_chmap_upd.c.obj (ex /home/noah/Documents/tuya/Projects/T5_TuyaOS-3.12.16/software/TuyaOS/vendor/T5/t5_os/bk_idk/components/bk_libs/bk7258/libs/libbluetooth_controller_controller_only.a),/home/noah/Documents/tuya/Projects/T5_TuyaOS-3.12.16/software/TuyaOS/vendor/T5/t5_os/bk_idk/components/bk_libs/bk7258/libs/libbluetooth_controller_controller_only.a
883,830,53,0,0,883,`373,llc_clk_acc.c.obj (ex /home/noah/Documents/tuya/Projects/T5_TuyaOS-3.12.16/software/TuyaOS/vendor/T5/t5_os/bk_idk/components/bk_libs/bk7258/libs/libbluetooth_controller_controller_only.a),/home/noah/Documents/tuya/Projects/T5_TuyaOS-3.12.16/software/TuyaOS/vendor/T5/t5_os/bk_idk/components/bk_libs/bk7258/libs/libbluetooth_controller_controller_only.a
4362,4088,274,0,0,4362,`110a,llc_con_upd.c.obj (ex /home/noah/Documents/tuya/Projects/T5_TuyaOS-3.12.16/software/TuyaOS/vendor/T5/t5_os/bk_idk/components/bk_libs/bk7258/libs/libbluetooth_controller_controller_only.a),/home/noah/Documents/tuya/Projects/T5_TuyaOS-3.12.16/software/TuyaOS/vendor/T5/t5_os/bk_idk/components/bk_libs/bk7258/libs/libbluetooth_controller_controller_only.a
1049,918,131,0,0,1049,`419,llc_disconnect.c.obj (ex /home/noah/Documents/tuya/Projects/T5_TuyaOS-3.12.16/software/TuyaOS/vendor/T5/t5_os/bk_idk/components/bk_libs/bk7258/libs/libbluetooth_controller_controller_only.a),/home/noah/Documents/tuya/Projects/T5_TuyaOS-3.12.16/software/TuyaOS/vendor/T5/t5_os/bk_idk/components/bk_libs/bk7258/libs/libbluetooth_controller_controller_only.a
3644,3504,140,0,0,3644,`e3c,llc_encrypt.c.obj (ex /home/noah/Documents/tuya/Projects/T5_TuyaOS-3.12.16/software/TuyaOS/vendor/T5/t5_os/bk_idk/components/bk_libs/bk7258/libs/libbluetooth_controller_controller_only.a),/home/noah/Documents/tuya/Projects/T5_TuyaOS-3.12.16/software/TuyaOS/vendor/T5/t5_os/bk_idk/components/bk_libs/bk7258/libs/libbluetooth_controller_controller_only.a
1051,1018,33,0,0,1051,`41b,llc_feat_exch.c.obj (ex /home/noah/Documents/tuya/Projects/T5_TuyaOS-3.12.16/software/TuyaOS/vendor/T5/t5_os/bk_idk/components/bk_libs/bk7258/libs/libbluetooth_controller_controller_only.a),/home/noah/Documents/tuya/Projects/T5_TuyaOS-3.12.16/software/TuyaOS/vendor/T5/t5_os/bk_idk/components/bk_libs/bk7258/libs/libbluetooth_controller_controller_only.a
7381,6804,577,0,0,7381,`1cd5,llm_adv.c.obj (ex /home/noah/Documents/tuya/Projects/T5_TuyaOS-3.12.16/software/TuyaOS/vendor/T5/t5_os/bk_idk/components/bk_libs/bk7258/libs/libbluetooth_controller_controller_only.a),/home/noah/Documents/tuya/Projects/T5_TuyaOS-3.12.16/software/TuyaOS/vendor/T5/t5_os/bk_idk/components/bk_libs/bk7258/libs/libbluetooth_controller_controller_only.a
2804,2588,216,0,0,2804,`af4,llm_init.c.obj (ex /home/noah/Documents/tuya/Projects/T5_TuyaOS-3.12.16/software/TuyaOS/vendor/T5/t5_os/bk_idk/components/bk_libs/bk7258/libs/libbluetooth_controller_controller_only.a),/home/noah/Documents/tuya/Projects/T5_TuyaOS-3.12.16/software/TuyaOS/vendor/T5/t5_os/bk_idk/components/bk_libs/bk7258/libs/libbluetooth_controller_controller_only.a
3676,3396,280,0,0,3676,`e5c,llm_scan.c.obj (ex /home/noah/Documents/tuya/Projects/T5_TuyaOS-3.12.16/software/TuyaOS/vendor/T5/t5_os/bk_idk/components/bk_libs/bk7258/libs/libbluetooth_controller_controller_only.a),/home/noah/Documents/tuya/Projects/T5_TuyaOS-3.12.16/software/TuyaOS/vendor/T5/t5_os/bk_idk/components/bk_libs/bk7258/libs/libbluetooth_controller_controller_only.a
193,168,25,0,0,193,`c1,ble_aes_rpa.c.obj (ex /home/noah/Documents/tuya/Projects/T5_TuyaOS-3.12.16/software/TuyaOS/vendor/T5/t5_os/bk_idk/components/bk_libs/bk7258/libs/libbluetooth_controller_controller_only.a),/home/noah/Documents/tuya/Projects/T5_TuyaOS-3.12.16/software/TuyaOS/vendor/T5/t5_os/bk_idk/components/bk_libs/bk7258/libs/libbluetooth_controller_controller_only.a
6439,4040,2399,0,8,6447,`192f,ecc_p256.c.obj (ex /home/noah/Documents/tuya/Projects/T5_TuyaOS-3.12.16/software/TuyaOS/vendor/T5/t5_os/bk_idk/components/bk_libs/bk7258/libs/libbluetooth_controller_controller_only.a),/home/noah/Documents/tuya/Projects/T5_TuyaOS-3.12.16/software/TuyaOS/vendor/T5/t5_os/bk_idk/components/bk_libs/bk7258/libs/libbluetooth_controller_controller_only.a
354,268,86,0,32,386,`182,kernel_event.c.obj (ex /home/noah/Documents/tuya/Projects/T5_TuyaOS-3.12.16/software/TuyaOS/vendor/T5/t5_os/bk_idk/components/bk_libs/bk7258/libs/libbluetooth_controller_controller_only.a),/home/noah/Documents/tuya/Projects/T5_TuyaOS-3.12.16/software/TuyaOS/vendor/T5/t5_os/bk_idk/components/bk_libs/bk7258/libs/libbluetooth_controller_controller_only.a
946,864,82,0,48,994,`3e2,h4tl.c.obj (ex /home/noah/Documents/tuya/Projects/T5_TuyaOS-3.12.16/software/TuyaOS/vendor/T5/t5_os/bk_idk/components/bk_libs/bk7258/libs/libbluetooth_controller_controller_only.a),/home/noah/Documents/tuya/Projects/T5_TuyaOS-3.12.16/software/TuyaOS/vendor/T5/t5_os/bk_idk/components/bk_libs/bk7258/libs/libbluetooth_controller_controller_only.a
303,264,39,0,24,327,`147,common_djob.c.obj (ex /home/noah/Documents/tuya/Projects/T5_TuyaOS-3.12.16/software/TuyaOS/vendor/T5/t5_os/bk_idk/components/bk_libs/bk7258/libs/libbluetooth_controller_controller_only.a),/home/noah/Documents/tuya/Projects/T5_TuyaOS-3.12.16/software/TuyaOS/vendor/T5/t5_os/bk_idk/components/bk_libs/bk7258/libs/libbluetooth_controller_controller_only.a
790,728,62,0,20,810,`32a,common_time.c.obj (ex /home/noah/Documents/tuya/Projects/T5_TuyaOS-3.12.16/software/TuyaOS/vendor/T5/t5_os/bk_idk/components/bk_libs/bk7258/libs/libbluetooth_controller_controller_only.a),/home/noah/Documents/tuya/Projects/T5_TuyaOS-3.12.16/software/TuyaOS/vendor/T5/t5_os/bk_idk/components/bk_libs/bk7258/libs/libbluetooth_controller_controller_only.a
2697,2566,131,6,0,2703,`a8f,common_utils.c.obj (ex /home/noah/Documents/tuya/Projects/T5_TuyaOS-3.12.16/software/TuyaOS/vendor/T5/t5_os/bk_idk/components/bk_libs/bk7258/libs/libbluetooth_controller_controller_only.a),/home/noah/Documents/tuya/Projects/T5_TuyaOS-3.12.16/software/TuyaOS/vendor/T5/t5_os/bk_idk/components/bk_libs/bk7258/libs/libbluetooth_controller_controller_only.a
94,84,10,0,0,94,`5e,rwble.c.obj (ex /home/noah/Documents/tuya/Projects/T5_TuyaOS-3.12.16/software/TuyaOS/vendor/T5/t5_os/bk_idk/components/bk_libs/bk7258/libs/libbluetooth_controller_controller_only.a),/home/noah/Documents/tuya/Projects/T5_TuyaOS-3.12.16/software/TuyaOS/vendor/T5/t5_os/bk_idk/components/bk_libs/bk7258/libs/libbluetooth_controller_controller_only.a
787,598,189,0,0,787,`313,llc_hci.c.obj (ex /home/noah/Documents/tuya/Projects/T5_TuyaOS-3.12.16/software/TuyaOS/vendor/T5/t5_os/bk_idk/components/bk_libs/bk7258/libs/libbluetooth_controller_controller_only.a),/home/noah/Documents/tuya/Projects/T5_TuyaOS-3.12.16/software/TuyaOS/vendor/T5/t5_os/bk_idk/components/bk_libs/bk7258/libs/libbluetooth_controller_controller_only.a
2931,2064,867,0,121,3052,`bec,lld.c.obj (ex /home/noah/Documents/tuya/Projects/T5_TuyaOS-3.12.16/software/TuyaOS/vendor/T5/t5_os/bk_idk/components/bk_libs/bk7258/libs/libbluetooth_controller_controller_only.a),/home/noah/Documents/tuya/Projects/T5_TuyaOS-3.12.16/software/TuyaOS/vendor/T5/t5_os/bk_idk/components/bk_libs/bk7258/libs/libbluetooth_controller_controller_only.a
3490,2694,796,0,264,3754,`eaa,rwip_driver.c.obj (ex /home/noah/Documents/tuya/Projects/T5_TuyaOS-3.12.16/software/TuyaOS/vendor/T5/t5_os/bk_idk/components/bk_libs/bk7258/libs/libbluetooth_controller_controller_only.a),/home/noah/Documents/tuya/Projects/T5_TuyaOS-3.12.16/software/TuyaOS/vendor/T5/t5_os/bk_idk/components/bk_libs/bk7258/libs/libbluetooth_controller_controller_only.a
5795,5050,745,0,4,5799,`16a7,lld_init.c.obj (ex /home/noah/Documents/tuya/Projects/T5_TuyaOS-3.12.16/software/TuyaOS/vendor/T5/t5_os/bk_idk/components/bk_libs/bk7258/libs/libbluetooth_controller_controller_only.a),/home/noah/Documents/tuya/Projects/T5_TuyaOS-3.12.16/software/TuyaOS/vendor/T5/t5_os/bk_idk/components/bk_libs/bk7258/libs/libbluetooth_controller_controller_only.a
8014,6864,1150,0,4,8018,`1f52,lld_scan.c.obj (ex /home/noah/Documents/tuya/Projects/T5_TuyaOS-3.12.16/software/TuyaOS/vendor/T5/t5_os/bk_idk/components/bk_libs/bk7258/libs/libbluetooth_controller_controller_only.a),/home/noah/Documents/tuya/Projects/T5_TuyaOS-3.12.16/software/TuyaOS/vendor/T5/t5_os/bk_idk/components/bk_libs/bk7258/libs/libbluetooth_controller_controller_only.a
459,392,67,0,5,464,`1d0,controller_init.c.obj (ex /home/noah/Documents/tuya/Projects/T5_TuyaOS-3.12.16/software/TuyaOS/vendor/T5/t5_os/bk_idk/components/bk_libs/bk7258/libs/libbluetooth_controller_controller_only.a),/home/noah/Documents/tuya/Projects/T5_TuyaOS-3.12.16/software/TuyaOS/vendor/T5/t5_os/bk_idk/components/bk_libs/bk7258/libs/libbluetooth_controller_controller_only.a
623,604,19,0,64,687,`2af,rf_xvr.c.obj (ex /home/noah/Documents/tuya/Projects/T5_TuyaOS-3.12.16/software/TuyaOS/vendor/T5/t5_os/bk_idk/components/bk_libs/bk7258/libs/libbluetooth_controller_controller_only.a),/home/noah/Documents/tuya/Projects/T5_TuyaOS-3.12.16/software/TuyaOS/vendor/T5/t5_os/bk_idk/components/bk_libs/bk7258/libs/libbluetooth_controller_controller_only.a
272,36,236,0,4,276,`114,llc_task.c.obj (ex /home/noah/Documents/tuya/Projects/T5_TuyaOS-3.12.16/software/TuyaOS/vendor/T5/t5_os/bk_idk/components/bk_libs/bk7258/libs/libbluetooth_controller_controller_only.a),/home/noah/Documents/tuya/Projects/T5_TuyaOS-3.12.16/software/TuyaOS/vendor/T5/t5_os/bk_idk/components/bk_libs/bk7258/libs/libbluetooth_controller_controller_only.a
1187,1036,151,0,78,1265,`4f1,rwip.c.obj (ex /home/noah/Documents/tuya/Projects/T5_TuyaOS-3.12.16/software/TuyaOS/vendor/T5/t5_os/bk_idk/components/bk_libs/bk7258/libs/libbluetooth_controller_controller_only.a),/home/noah/Documents/tuya/Projects/T5_TuyaOS-3.12.16/software/TuyaOS/vendor/T5/t5_os/bk_idk/components/bk_libs/bk7258/libs/libbluetooth_controller_controller_only.a
1693,1384,309,0,896,2589,`a1d,llm.c.obj (ex /home/noah/Documents/tuya/Projects/T5_TuyaOS-3.12.16/software/TuyaOS/vendor/T5/t5_os/bk_idk/components/bk_libs/bk7258/libs/libbluetooth_controller_controller_only.a),/home/noah/Documents/tuya/Projects/T5_TuyaOS-3.12.16/software/TuyaOS/vendor/T5/t5_os/bk_idk/components/bk_libs/bk7258/libs/libbluetooth_controller_controller_only.a
386,262,124,0,1,387,`183,llm_task.c.obj (ex /home/noah/Documents/tuya/Projects/T5_TuyaOS-3.12.16/software/TuyaOS/vendor/T5/t5_os/bk_idk/components/bk_libs/bk7258/libs/libbluetooth_controller_controller_only.a),/home/noah/Documents/tuya/Projects/T5_TuyaOS-3.12.16/software/TuyaOS/vendor/T5/t5_os/bk_idk/components/bk_libs/bk7258/libs/libbluetooth_controller_controller_only.a
224,224,0,0,0,224,`e0,llc_pwr.c.obj (ex /home/noah/Documents/tuya/Projects/T5_TuyaOS-3.12.16/software/TuyaOS/vendor/T5/t5_os/bk_idk/components/bk_libs/bk7258/libs/libbluetooth_controller_controller_only.a),/home/noah/Documents/tuya/Projects/T5_TuyaOS-3.12.16/software/TuyaOS/vendor/T5/t5_os/bk_idk/components/bk_libs/bk7258/libs/libbluetooth_controller_controller_only.a
100,100,0,0,8,108,`6c,hci_fc.c.obj (ex /home/noah/Documents/tuya/Projects/T5_TuyaOS-3.12.16/software/TuyaOS/vendor/T5/t5_os/bk_idk/components/bk_libs/bk7258/libs/libbluetooth_controller_controller_only.a),/home/noah/Documents/tuya/Projects/T5_TuyaOS-3.12.16/software/TuyaOS/vendor/T5/t5_os/bk_idk/components/bk_libs/bk7258/libs/libbluetooth_controller_controller_only.a
40,40,0,0,0,40,`28,ble_rf_port.c.obj (ex /home/noah/Documents/tuya/Projects/T5_TuyaOS-3.12.16/software/TuyaOS/vendor/T5/t5_os/bk_idk/components/bk_libs/bk7258/libs/libbluetooth_controller_controller_only.a),/home/noah/Documents/tuya/Projects/T5_TuyaOS-3.12.16/software/TuyaOS/vendor/T5/t5_os/bk_idk/components/bk_libs/bk7258/libs/libbluetooth_controller_controller_only.a
364,364,0,0,12,376,`178,ble_aes.c.obj (ex /home/noah/Documents/tuya/Projects/T5_TuyaOS-3.12.16/software/TuyaOS/vendor/T5/t5_os/bk_idk/components/bk_libs/bk7258/libs/libbluetooth_controller_controller_only.a),/home/noah/Documents/tuya/Projects/T5_TuyaOS-3.12.16/software/TuyaOS/vendor/T5/t5_os/bk_idk/components/bk_libs/bk7258/libs/libbluetooth_controller_controller_only.a
48,48,0,0,0,48,`30,dbg.c.obj (ex /home/noah/Documents/tuya/Projects/T5_TuyaOS-3.12.16/software/TuyaOS/vendor/T5/t5_os/bk_idk/components/bk_libs/bk7258/libs/libbluetooth_controller_controller_only.a),/home/noah/Documents/tuya/Projects/T5_TuyaOS-3.12.16/software/TuyaOS/vendor/T5/t5_os/bk_idk/components/bk_libs/bk7258/libs/libbluetooth_controller_controller_only.a
102,102,0,0,44,146,`92,kernel.c.obj (ex /home/noah/Documents/tuya/Projects/T5_TuyaOS-3.12.16/software/TuyaOS/vendor/T5/t5_os/bk_idk/components/bk_libs/bk7258/libs/libbluetooth_controller_controller_only.a),/home/noah/Documents/tuya/Projects/T5_TuyaOS-3.12.16/software/TuyaOS/vendor/T5/t5_os/bk_idk/components/bk_libs/bk7258/libs/libbluetooth_controller_controller_only.a
58,58,0,0,0,58,`3a,kernel_queue.c.obj (ex /home/noah/Documents/tuya/Projects/T5_TuyaOS-3.12.16/software/TuyaOS/vendor/T5/t5_os/bk_idk/components/bk_libs/bk7258/libs/libbluetooth_controller_controller_only.a),/home/noah/Documents/tuya/Projects/T5_TuyaOS-3.12.16/software/TuyaOS/vendor/T5/t5_os/bk_idk/components/bk_libs/bk7258/libs/libbluetooth_controller_controller_only.a
132969,110824,22145,60,15843,148872,`24588,/home/noah/Documents/tuya/Projects/T5_TuyaOS-3.12.16/software/TuyaOS/vendor/T5/t5_os/bk_idk/components/bk_libs/bk7258/libs/libbluetooth_controller_controller_only.a,/home/noah/Documents/tuya/Projects/T5_TuyaOS-3.12.16/software/TuyaOS/vendor/T5/t5_os/bk_idk/components/bk_libs/bk7258/libs/libbluetooth_controller_controller_only.a
3479,2452,1027,0,4,3483,`d9b,tuya_ai_proc.c.o (ex /home/noah/Documents/tuya/Projects/T5_TuyaOS-3.12.16/software/TuyaOS/libs/libtuyaos_demo_ai_toy.a),/home/noah/Documents/tuya/Projects/T5_TuyaOS-3.12.16/software/TuyaOS/libs/libtuyaos_demo_ai_toy.a
1281,1036,245,4,4,1289,`509,servo.c.o (ex /home/noah/Documents/tuya/Projects/T5_TuyaOS-3.12.16/software/TuyaOS/libs/libtuyaos_demo_ai_toy.a),/home/noah/Documents/tuya/Projects/T5_TuyaOS-3.12.16/software/TuyaOS/libs/libtuyaos_demo_ai_toy.a
6536,4826,1710,1,136,6673,`1a11,tuya_ai_toy.c.o (ex /home/noah/Documents/tuya/Projects/T5_TuyaOS-3.12.16/software/TuyaOS/libs/libtuyaos_demo_ai_toy.a),/home/noah/Documents/tuya/Projects/T5_TuyaOS-3.12.16/software/TuyaOS/libs/libtuyaos_demo_ai_toy.a
2231,1468,763,0,8,2239,`8bf,tuya_app_main.c.o (ex /home/noah/Documents/tuya/Projects/T5_TuyaOS-3.12.16/software/TuyaOS/libs/libtuyaos_demo_ai_toy.a),/home/noah/Documents/tuya/Projects/T5_TuyaOS-3.12.16/software/TuyaOS/libs/libtuyaos_demo_ai_toy.a
1120,938,182,4,16,1140,`474,tuya_key.c.o (ex /home/noah/Documents/tuya/Projects/T5_TuyaOS-3.12.16/software/TuyaOS/libs/libtuyaos_demo_ai_toy.a),/home/noah/Documents/tuya/Projects/T5_TuyaOS-3.12.16/software/TuyaOS/libs/libtuyaos_demo_ai_toy.a
2667,2084,583,0,6,2673,`a71,audio_recorder.c.o (ex /home/noah/Documents/tuya/Projects/T5_TuyaOS-3.12.16/software/TuyaOS/libs/libtuyaos_demo_ai_toy.a),/home/noah/Documents/tuya/Projects/T5_TuyaOS-3.12.16/software/TuyaOS/libs/libtuyaos_demo_ai_toy.a
864,560,304,0,0,864,`360,reset_netcfg.c.o (ex /home/noah/Documents/tuya/Projects/T5_TuyaOS-3.12.16/software/TuyaOS/libs/libtuyaos_demo_ai_toy.a),/home/noah/Documents/tuya/Projects/T5_TuyaOS-3.12.16/software/TuyaOS/libs/libtuyaos_demo_ai_toy.a
574,500,74,0,12,586,`24a,tuya_led.c.o (ex /home/noah/Documents/tuya/Projects/T5_TuyaOS-3.12.16/software/TuyaOS/libs/libtuyaos_demo_ai_toy.a),/home/noah/Documents/tuya/Projects/T5_TuyaOS-3.12.16/software/TuyaOS/libs/libtuyaos_demo_ai_toy.a
161893,0,161893,0,0,161893,`27865,media_src_zh.c.o (ex /home/noah/Documents/tuya/Projects/T5_TuyaOS-3.12.16/software/TuyaOS/libs/libtuyaos_demo_ai_toy.a),/home/noah/Documents/tuya/Projects/T5_TuyaOS-3.12.16/software/TuyaOS/libs/libtuyaos_demo_ai_toy.a
172585,0,172585,0,0,172585,`2a229,media_src_en.c.o (ex /home/noah/Documents/tuya/Projects/T5_TuyaOS-3.12.16/software/TuyaOS/libs/libtuyaos_demo_ai_toy.a),/home/noah/Documents/tuya/Projects/T5_TuyaOS-3.12.16/software/TuyaOS/libs/libtuyaos_demo_ai_toy.a
586,434,152,0,0,586,`24a,tuya_ai_display.c.o (ex /home/noah/Documents/tuya/Projects/T5_TuyaOS-3.12.16/software/TuyaOS/libs/libtuyaos_demo_ai_toy.a),/home/noah/Documents/tuya/Projects/T5_TuyaOS-3.12.16/software/TuyaOS/libs/libtuyaos_demo_ai_toy.a
3104,3070,34,28,1028,4160,`1040,OLED.c.o (ex /home/noah/Documents/tuya/Projects/T5_TuyaOS-3.12.16/software/TuyaOS/libs/libtuyaos_demo_ai_toy.a),/home/noah/Documents/tuya/Projects/T5_TuyaOS-3.12.16/software/TuyaOS/libs/libtuyaos_demo_ai_toy.a
24,24,0,0,0,24,`18,tal_gpio.c.o (ex /home/noah/Documents/tuya/Projects/T5_TuyaOS-3.12.16/software/TuyaOS/libs/libtuyaos_demo_ai_toy.a),/home/noah/Documents/tuya/Projects/T5_TuyaOS-3.12.16/software/TuyaOS/libs/libtuyaos_demo_ai_toy.a
676,676,0,0,8,684,`2ac,tal_uart.c.o (ex /home/noah/Documents/tuya/Projects/T5_TuyaOS-3.12.16/software/TuyaOS/libs/libtuyaos_demo_ai_toy.a),/home/noah/Documents/tuya/Projects/T5_TuyaOS-3.12.16/software/TuyaOS/libs/libtuyaos_demo_ai_toy.a
357620,18068,339552,37,1222,358879,`579df,/home/noah/Documents/tuya/Projects/T5_TuyaOS-3.12.16/software/TuyaOS/libs/libtuyaos_demo_ai_toy.a,/home/noah/Documents/tuya/Projects/T5_TuyaOS-3.12.16/software/TuyaOS/libs/libtuyaos_demo_ai_toy.a
7040,3980,3060,0,112,7152,`1bf0,tuya_speaker_service.c.o (ex /home/noah/Documents/tuya/Projects/T5_TuyaOS-3.12.16/software/TuyaOS/libs/libtuyaos.a),/home/noah/Documents/tuya/Projects/T5_TuyaOS-3.12.16/software/TuyaOS/libs/libtuyaos.a
3158,2726,432,188,16,3362,`d22,tal_wifi.c.o (ex /home/noah/Documents/tuya/Projects/T5_TuyaOS-3.12.16/software/TuyaOS/libs/libtuyaos.a),/home/noah/Documents/tuya/Projects/T5_TuyaOS-3.12.16/software/TuyaOS/libs/libtuyaos.a
4466,3550,916,4,3729,8199,`2007,tuya_devos_utils.c.o (ex /home/noah/Documents/tuya/Projects/T5_TuyaOS-3.12.16/software/TuyaOS/libs/libtuyaos.a),/home/noah/Documents/tuya/Projects/T5_TuyaOS-3.12.16/software/TuyaOS/libs/libtuyaos.a
2046,1528,518,8,33,2087,`827,tuya_svc_devos_daemons.c.o (ex /home/noah/Documents/tuya/Projects/T5_TuyaOS-3.12.16/software/TuyaOS/libs/libtuyaos.a),/home/noah/Documents/tuya/Projects/T5_TuyaOS-3.12.16/software/TuyaOS/libs/libtuyaos.a
1344,1180,164,0,4,1348,`544,tal_log.c.o (ex /home/noah/Documents/tuya/Projects/T5_TuyaOS-3.12.16/software/TuyaOS/libs/libtuyaos.a),/home/noah/Documents/tuya/Projects/T5_TuyaOS-3.12.16/software/TuyaOS/libs/libtuyaos.a
4611,3172,1439,0,120,4731,`127b,tuya_simple_player.c.o (ex /home/noah/Documents/tuya/Projects/T5_TuyaOS-3.12.16/software/TuyaOS/libs/libtuyaos.a),/home/noah/Documents/tuya/Projects/T5_TuyaOS-3.12.16/software/TuyaOS/libs/libtuyaos.a
18081,12834,5247,84,12,18177,`4701,iot_httpc.c.o (ex /home/noah/Documents/tuya/Projects/T5_TuyaOS-3.12.16/software/TuyaOS/libs/libtuyaos.a),/home/noah/Documents/tuya/Projects/T5_TuyaOS-3.12.16/software/TuyaOS/libs/libtuyaos.a
2576,1708,868,28,32,2636,`a4c,tuya_register_center.c.o (ex /home/noah/Documents/tuya/Projects/T5_TuyaOS-3.12.16/software/TuyaOS/libs/libtuyaos.a),/home/noah/Documents/tuya/Projects/T5_TuyaOS-3.12.16/software/TuyaOS/libs/libtuyaos.a
2062,410,1652,0,0,2062,`80e,cipher_wrap.c.o (ex /home/noah/Documents/tuya/Projects/T5_TuyaOS-3.12.16/software/TuyaOS/libs/libtuyaos.a),/home/noah/Documents/tuya/Projects/T5_TuyaOS-3.12.16/software/TuyaOS/libs/libtuyaos.a
7272,6876,396,0,18,7290,`1c7a,ecp.c.o (ex /home/noah/Documents/tuya/Projects/T5_TuyaOS-3.12.16/software/TuyaOS/libs/libtuyaos.a),/home/noah/Documents/tuya/Projects/T5_TuyaOS-3.12.16/software/TuyaOS/libs/libtuyaos.a
3260,188,3072,0,144,3404,`d4c,ssl_ciphersuites.c.o (ex /home/noah/Documents/tuya/Projects/T5_TuyaOS-3.12.16/software/TuyaOS/libs/libtuyaos.a),/home/noah/Documents/tuya/Projects/T5_TuyaOS-3.12.16/software/TuyaOS/libs/libtuyaos.a
942,706,236,0,0,942,`3ae,pk_wrap.c.o (ex /home/noah/Documents/tuya/Projects/T5_TuyaOS-3.12.16/software/TuyaOS/libs/libtuyaos.a),/home/noah/Documents/tuya/Projects/T5_TuyaOS-3.12.16/software/TuyaOS/libs/libtuyaos.a
3779,324,3455,0,0,3779,`ec3,oid.c.o (ex /home/noah/Documents/tuya/Projects/T5_TuyaOS-3.12.16/software/TuyaOS/libs/libtuyaos.a),/home/noah/Documents/tuya/Projects/T5_TuyaOS-3.12.16/software/TuyaOS/libs/libtuyaos.a
400,260,140,1,4,405,`195,tuya_upgrade_main.c.o (ex /home/noah/Documents/tuya/Projects/T5_TuyaOS-3.12.16/software/TuyaOS/libs/libtuyaos.a),/home/noah/Documents/tuya/Projects/T5_TuyaOS-3.12.16/software/TuyaOS/libs/libtuyaos.a
2780,1900,880,0,4,2784,`ae0,tuya_ai_client.c.o (ex /home/noah/Documents/tuya/Projects/T5_TuyaOS-3.12.16/software/TuyaOS/libs/libtuyaos.a),/home/noah/Documents/tuya/Projects/T5_TuyaOS-3.12.16/software/TuyaOS/libs/libtuyaos.a
9492,7416,2076,0,148,9640,`25a8,tuya_svc_upgrade.c.o (ex /home/noah/Documents/tuya/Projects/T5_TuyaOS-3.12.16/software/TuyaOS/libs/libtuyaos.a),/home/noah/Documents/tuya/Projects/T5_TuyaOS-3.12.16/software/TuyaOS/libs/libtuyaos.a
3264,2752,512,4,4,3272,`cc8,wifi_netcfg_frame_transporter.c.o (ex /home/noah/Documents/tuya/Projects/T5_TuyaOS-3.12.16/software/TuyaOS/libs/libtuyaos.a),/home/noah/Documents/tuya/Projects/T5_TuyaOS-3.12.16/software/TuyaOS/libs/libtuyaos.a
1003,812,191,4,0,1007,`3ef,tal_wifi_mgnt.c.o (ex /home/noah/Documents/tuya/Projects/T5_TuyaOS-3.12.16/software/TuyaOS/libs/libtuyaos.a),/home/noah/Documents/tuya/Projects/T5_TuyaOS-3.12.16/software/TuyaOS/libs/libtuyaos.a
4693,4584,109,0,0,4693,`1255,x509_crt.c.o (ex /home/noah/Documents/tuya/Projects/T5_TuyaOS-3.12.16/software/TuyaOS/libs/libtuyaos.a),/home/noah/Documents/tuya/Projects/T5_TuyaOS-3.12.16/software/TuyaOS/libs/libtuyaos.a
2931,1836,1095,0,0,2931,`b73,tuya_audio_playlist.c.o (ex /home/noah/Documents/tuya/Projects/T5_TuyaOS-3.12.16/software/TuyaOS/libs/libtuyaos.a),/home/noah/Documents/tuya/Projects/T5_TuyaOS-3.12.16/software/TuyaOS/libs/libtuyaos.a
3824,2888,936,24,4,3852,`f0c,tuya_adecode.c.o (ex /home/noah/Documents/tuya/Projects/T5_TuyaOS-3.12.16/software/TuyaOS/libs/libtuyaos.a),/home/noah/Documents/tuya/Projects/T5_TuyaOS-3.12.16/software/TuyaOS/libs/libtuyaos.a
2878,1872,1006,0,0,2878,`b3e,tuya_astream.c.o (ex /home/noah/Documents/tuya/Projects/T5_TuyaOS-3.12.16/software/TuyaOS/libs/libtuyaos.a),/home/noah/Documents/tuya/Projects/T5_TuyaOS-3.12.16/software/TuyaOS/libs/libtuyaos.a
2668,2036,632,0,0,2668,`a6c,tuya_amix.c.o (ex /home/noah/Documents/tuya/Projects/T5_TuyaOS-3.12.16/software/TuyaOS/libs/libtuyaos.a),/home/noah/Documents/tuya/Projects/T5_TuyaOS-3.12.16/software/TuyaOS/libs/libtuyaos.a
2349,1548,801,0,48,2397,`95d,tuya_audio_player.c.o (ex /home/noah/Documents/tuya/Projects/T5_TuyaOS-3.12.16/software/TuyaOS/libs/libtuyaos.a),/home/noah/Documents/tuya/Projects/T5_TuyaOS-3.12.16/software/TuyaOS/libs/libtuyaos.a
540,524,16,0,0,540,`21c,pk.c.o (ex /home/noah/Documents/tuya/Projects/T5_TuyaOS-3.12.16/software/TuyaOS/libs/libtuyaos.a),/home/noah/Documents/tuya/Projects/T5_TuyaOS-3.12.16/software/TuyaOS/libs/libtuyaos.a
2644,2388,256,0,0,2644,`a54,sha256.c.o (ex /home/noah/Documents/tuya/Projects/T5_TuyaOS-3.12.16/software/TuyaOS/libs/libtuyaos.a),/home/noah/Documents/tuya/Projects/T5_TuyaOS-3.12.16/software/TuyaOS/libs/libtuyaos.a
4270,3630,640,0,0,4270,`10ae,sha512.c.o (ex /home/noah/Documents/tuya/Projects/T5_TuyaOS-3.12.16/software/TuyaOS/libs/libtuyaos.a),/home/noah/Documents/tuya/Projects/T5_TuyaOS-3.12.16/software/TuyaOS/libs/libtuyaos.a
1707,1622,85,0,28,1735,`6c7,base_event.c.o (ex /home/noah/Documents/tuya/Projects/T5_TuyaOS-3.12.16/software/TuyaOS/libs/libtuyaos.a),/home/noah/Documents/tuya/Projects/T5_TuyaOS-3.12.16/software/TuyaOS/libs/libtuyaos.a
218,120,98,0,4,222,`de,tuya_base_utilities.c.o (ex /home/noah/Documents/tuya/Projects/T5_TuyaOS-3.12.16/software/TuyaOS/libs/libtuyaos.a),/home/noah/Documents/tuya/Projects/T5_TuyaOS-3.12.16/software/TuyaOS/libs/libtuyaos.a
1590,1470,120,0,100,1690,`69a,tal_time_serivce.c.o (ex /home/noah/Documents/tuya/Projects/T5_TuyaOS-3.12.16/software/TuyaOS/libs/libtuyaos.a),/home/noah/Documents/tuya/Projects/T5_TuyaOS-3.12.16/software/TuyaOS/libs/libtuyaos.a
580,452,128,0,8,588,`24c,tal_workq_service.c.o (ex /home/noah/Documents/tuya/Projects/T5_TuyaOS-3.12.16/software/TuyaOS/libs/libtuyaos.a),/home/noah/Documents/tuya/Projects/T5_TuyaOS-3.12.16/software/TuyaOS/libs/libtuyaos.a
5980,4234,1746,1,482,6463,`193f,tuya_ai_chat_protocol.c.o (ex /home/noah/Documents/tuya/Projects/T5_TuyaOS-3.12.16/software/TuyaOS/libs/libtuyaos.a),/home/noah/Documents/tuya/Projects/T5_TuyaOS-3.12.16/software/TuyaOS/libs/libtuyaos.a
3092,2430,662,0,0,3092,`c14,tuya_ai_chat_parse.c.o (ex /home/noah/Documents/tuya/Projects/T5_TuyaOS-3.12.16/software/TuyaOS/libs/libtuyaos.a),/home/noah/Documents/tuya/Projects/T5_TuyaOS-3.12.16/software/TuyaOS/libs/libtuyaos.a
13929,10872,3057,12,4,13945,`3679,tuya_ai_protocol.c.o (ex /home/noah/Documents/tuya/Projects/T5_TuyaOS-3.12.16/software/TuyaOS/libs/libtuyaos.a),/home/noah/Documents/tuya/Projects/T5_TuyaOS-3.12.16/software/TuyaOS/libs/libtuyaos.a
1332,968,364,4,0,1336,`538,tuya_ai_http.c.o (ex /home/noah/Documents/tuya/Projects/T5_TuyaOS-3.12.16/software/TuyaOS/libs/libtuyaos.a),/home/noah/Documents/tuya/Projects/T5_TuyaOS-3.12.16/software/TuyaOS/libs/libtuyaos.a
3966,2756,1210,0,4,3970,`f82,tuya_ai_mqtt.c.o (ex /home/noah/Documents/tuya/Projects/T5_TuyaOS-3.12.16/software/TuyaOS/libs/libtuyaos.a),/home/noah/Documents/tuya/Projects/T5_TuyaOS-3.12.16/software/TuyaOS/libs/libtuyaos.a
8157,6636,1521,8,16,8181,`1ff5,tuya_ai_biz.c.o (ex /home/noah/Documents/tuya/Projects/T5_TuyaOS-3.12.16/software/TuyaOS/libs/libtuyaos.a),/home/noah/Documents/tuya/Projects/T5_TuyaOS-3.12.16/software/TuyaOS/libs/libtuyaos.a
452,322,130,0,0,452,`1c4,tuya_ai_event.c.o (ex /home/noah/Documents/tuya/Projects/T5_TuyaOS-3.12.16/software/TuyaOS/libs/libtuyaos.a),/home/noah/Documents/tuya/Projects/T5_TuyaOS-3.12.16/software/TuyaOS/libs/libtuyaos.a
2035,1614,421,0,0,2035,`7f3,tuya_ws_db.c.o (ex /home/noah/Documents/tuya/Projects/T5_TuyaOS-3.12.16/software/TuyaOS/libs/libtuyaos.a),/home/noah/Documents/tuya/Projects/T5_TuyaOS-3.12.16/software/TuyaOS/libs/libtuyaos.a
4632,4582,50,12,8,4652,`122c,ty_cJSON.c.o (ex /home/noah/Documents/tuya/Projects/T5_TuyaOS-3.12.16/software/TuyaOS/libs/libtuyaos.a),/home/noah/Documents/tuya/Projects/T5_TuyaOS-3.12.16/software/TuyaOS/libs/libtuyaos.a
732,504,228,0,0,732,`2dc,cipher_wrapper.c.o (ex /home/noah/Documents/tuya/Projects/T5_TuyaOS-3.12.16/software/TuyaOS/libs/libtuyaos.a),/home/noah/Documents/tuya/Projects/T5_TuyaOS-3.12.16/software/TuyaOS/libs/libtuyaos.a
2294,1732,562,0,104,2398,`95e,uni_network.c.o (ex /home/noah/Documents/tuya/Projects/T5_TuyaOS-3.12.16/software/TuyaOS/libs/libtuyaos.a),/home/noah/Documents/tuya/Projects/T5_TuyaOS-3.12.16/software/TuyaOS/libs/libtuyaos.a
3752,3280,472,0,216,3968,`f80,log_seq.c.o (ex /home/noah/Documents/tuya/Projects/T5_TuyaOS-3.12.16/software/TuyaOS/libs/libtuyaos.a),/home/noah/Documents/tuya/Projects/T5_TuyaOS-3.12.16/software/TuyaOS/libs/libtuyaos.a
5030,3860,1170,0,444,5474,`1562,mqc_app.c.o (ex /home/noah/Documents/tuya/Projects/T5_TuyaOS-3.12.16/software/TuyaOS/libs/libtuyaos.a),/home/noah/Documents/tuya/Projects/T5_TuyaOS-3.12.16/software/TuyaOS/libs/libtuyaos.a
6627,5626,1001,60,0,6687,`1a1f,tuya_svc_mqtt_client.c.o (ex /home/noah/Documents/tuya/Projects/T5_TuyaOS-3.12.16/software/TuyaOS/libs/libtuyaos.a),/home/noah/Documents/tuya/Projects/T5_TuyaOS-3.12.16/software/TuyaOS/libs/libtuyaos.a
600,496,104,0,32,632,`278,mqc_app_time.c.o (ex /home/noah/Documents/tuya/Projects/T5_TuyaOS-3.12.16/software/TuyaOS/libs/libtuyaos.a),/home/noah/Documents/tuya/Projects/T5_TuyaOS-3.12.16/software/TuyaOS/libs/libtuyaos.a
208,184,24,28,5,241,`f1,tuya_svc_wired.c.o (ex /home/noah/Documents/tuya/Projects/T5_TuyaOS-3.12.16/software/TuyaOS/libs/libtuyaos.a),/home/noah/Documents/tuya/Projects/T5_TuyaOS-3.12.16/software/TuyaOS/libs/libtuyaos.a
694,578,116,0,0,694,`2b6,websocket_transporter.c.o (ex /home/noah/Documents/tuya/Projects/T5_TuyaOS-3.12.16/software/TuyaOS/libs/libtuyaos.a),/home/noah/Documents/tuya/Projects/T5_TuyaOS-3.12.16/software/TuyaOS/libs/libtuyaos.a
801,574,227,0,0,801,`321,tls_transporter.c.o (ex /home/noah/Documents/tuya/Projects/T5_TuyaOS-3.12.16/software/TuyaOS/libs/libtuyaos.a),/home/noah/Documents/tuya/Projects/T5_TuyaOS-3.12.16/software/TuyaOS/libs/libtuyaos.a
713,426,287,0,1,714,`2ca,tuya_iot_com_api.c.o (ex /home/noah/Documents/tuya/Projects/T5_TuyaOS-3.12.16/software/TuyaOS/libs/libtuyaos.a),/home/noah/Documents/tuya/Projects/T5_TuyaOS-3.12.16/software/TuyaOS/libs/libtuyaos.a
2510,1746,764,0,0,2510,`9ce,websocket_client.c.o (ex /home/noah/Documents/tuya/Projects/T5_TuyaOS-3.12.16/software/TuyaOS/libs/libtuyaos.a),/home/noah/Documents/tuya/Projects/T5_TuyaOS-3.12.16/software/TuyaOS/libs/libtuyaos.a
1834,1300,534,164,0,1998,`7ce,tal_wifi_reconnet.c.o (ex /home/noah/Documents/tuya/Projects/T5_TuyaOS-3.12.16/software/TuyaOS/libs/libtuyaos.a),/home/noah/Documents/tuya/Projects/T5_TuyaOS-3.12.16/software/TuyaOS/libs/libtuyaos.a
3885,3044,841,0,44,3929,`f59,multi_section_upgrade.c.o (ex /home/noah/Documents/tuya/Projects/T5_TuyaOS-3.12.16/software/TuyaOS/libs/libtuyaos.a),/home/noah/Documents/tuya/Projects/T5_TuyaOS-3.12.16/software/TuyaOS/libs/libtuyaos.a
567,412,155,0,0,567,`237,tuya_svc_upgrade_http.c.o (ex /home/noah/Documents/tuya/Projects/T5_TuyaOS-3.12.16/software/TuyaOS/libs/libtuyaos.a),/home/noah/Documents/tuya/Projects/T5_TuyaOS-3.12.16/software/TuyaOS/libs/libtuyaos.a
5350,4094,1256,0,9,5359,`14ef,tuya_svc_devos.c.o (ex /home/noah/Documents/tuya/Projects/T5_TuyaOS-3.12.16/software/TuyaOS/libs/libtuyaos.a),/home/noah/Documents/tuya/Projects/T5_TuyaOS-3.12.16/software/TuyaOS/libs/libtuyaos.a
4223,3156,1067,0,0,4223,`107f,ws_db_gw.c.o (ex /home/noah/Documents/tuya/Projects/T5_TuyaOS-3.12.16/software/TuyaOS/libs/libtuyaos.a),/home/noah/Documents/tuya/Projects/T5_TuyaOS-3.12.16/software/TuyaOS/libs/libtuyaos.a
139,110,29,0,4,143,`8f,tuya_devos.c.o (ex /home/noah/Documents/tuya/Projects/T5_TuyaOS-3.12.16/software/TuyaOS/libs/libtuyaos.a),/home/noah/Documents/tuya/Projects/T5_TuyaOS-3.12.16/software/TuyaOS/libs/libtuyaos.a
1024,720,304,0,0,1024,`400,tuya_devos_mqc.c.o (ex /home/noah/Documents/tuya/Projects/T5_TuyaOS-3.12.16/software/TuyaOS/libs/libtuyaos.a),/home/noah/Documents/tuya/Projects/T5_TuyaOS-3.12.16/software/TuyaOS/libs/libtuyaos.a
1853,1544,309,0,28,1881,`759,tuya_svc_devos_activate.c.o (ex /home/noah/Documents/tuya/Projects/T5_TuyaOS-3.12.16/software/TuyaOS/libs/libtuyaos.a),/home/noah/Documents/tuya/Projects/T5_TuyaOS-3.12.16/software/TuyaOS/libs/libtuyaos.a
2833,1884,949,0,4,2837,`b15,tuya_devos_health.c.o (ex /home/noah/Documents/tuya/Projects/T5_TuyaOS-3.12.16/software/TuyaOS/libs/libtuyaos.a),/home/noah/Documents/tuya/Projects/T5_TuyaOS-3.12.16/software/TuyaOS/libs/libtuyaos.a
1116,1002,114,0,4,1120,`460,tuya_devos_reset.c.o (ex /home/noah/Documents/tuya/Projects/T5_TuyaOS-3.12.16/software/TuyaOS/libs/libtuyaos.a),/home/noah/Documents/tuya/Projects/T5_TuyaOS-3.12.16/software/TuyaOS/libs/libtuyaos.a
763,508,255,0,0,763,`2fb,tuya_svc_devos_activate_ext_module.c.o (ex /home/noah/Documents/tuya/Projects/T5_TuyaOS-3.12.16/software/TuyaOS/libs/libtuyaos.a),/home/noah/Documents/tuya/Projects/T5_TuyaOS-3.12.16/software/TuyaOS/libs/libtuyaos.a
846,586,260,0,0,846,`34e,tuya_svc_devos_activate_token.c.o (ex /home/noah/Documents/tuya/Projects/T5_TuyaOS-3.12.16/software/TuyaOS/libs/libtuyaos.a),/home/noah/Documents/tuya/Projects/T5_TuyaOS-3.12.16/software/TuyaOS/libs/libtuyaos.a
599,400,199,0,0,599,`257,tuya_svc_devos_activate_meta.c.o (ex /home/noah/Documents/tuya/Projects/T5_TuyaOS-3.12.16/software/TuyaOS/libs/libtuyaos.a),/home/noah/Documents/tuya/Projects/T5_TuyaOS-3.12.16/software/TuyaOS/libs/libtuyaos.a
1143,772,371,0,4,1147,`47b,tuya_devos_stride.c.o (ex /home/noah/Documents/tuya/Projects/T5_TuyaOS-3.12.16/software/TuyaOS/libs/libtuyaos.a),/home/noah/Documents/tuya/Projects/T5_TuyaOS-3.12.16/software/TuyaOS/libs/libtuyaos.a
2132,1408,724,0,36,2168,`878,tuya_devos_localkey_update.c.o (ex /home/noah/Documents/tuya/Projects/T5_TuyaOS-3.12.16/software/TuyaOS/libs/libtuyaos.a),/home/noah/Documents/tuya/Projects/T5_TuyaOS-3.12.16/software/TuyaOS/libs/libtuyaos.a
413,412,1,0,0,413,`19d,hkdf.c.o (ex /home/noah/Documents/tuya/Projects/T5_TuyaOS-3.12.16/software/TuyaOS/libs/libtuyaos.a),/home/noah/Documents/tuya/Projects/T5_TuyaOS-3.12.16/software/TuyaOS/libs/libtuyaos.a
1213,1100,113,0,0,1213,`4bd,md.c.o (ex /home/noah/Documents/tuya/Projects/T5_TuyaOS-3.12.16/software/TuyaOS/libs/libtuyaos.a),/home/noah/Documents/tuya/Projects/T5_TuyaOS-3.12.16/software/TuyaOS/libs/libtuyaos.a
10960,7884,3076,0,60,11020,`2b0c,ap_netcfg.c.o (ex /home/noah/Documents/tuya/Projects/T5_TuyaOS-3.12.16/software/TuyaOS/libs/libtuyaos.a),/home/noah/Documents/tuya/Projects/T5_TuyaOS-3.12.16/software/TuyaOS/libs/libtuyaos.a
990,756,234,32,5,1027,`403,netcfg_module.c.o (ex /home/noah/Documents/tuya/Projects/T5_TuyaOS-3.12.16/software/TuyaOS/libs/libtuyaos.a),/home/noah/Documents/tuya/Projects/T5_TuyaOS-3.12.16/software/TuyaOS/libs/libtuyaos.a
147,84,63,0,4,151,`97,user_netcfg.c.o (ex /home/noah/Documents/tuya/Projects/T5_TuyaOS-3.12.16/software/TuyaOS/libs/libtuyaos.a),/home/noah/Documents/tuya/Projects/T5_TuyaOS-3.12.16/software/TuyaOS/libs/libtuyaos.a
1777,1468,309,0,4,1781,`6f5,wifi_netcfg_frame_sniffer.c.o (ex /home/noah/Documents/tuya/Projects/T5_TuyaOS-3.12.16/software/TuyaOS/libs/libtuyaos.a),/home/noah/Documents/tuya/Projects/T5_TuyaOS-3.12.16/software/TuyaOS/libs/libtuyaos.a
5144,3880,1264,28,16,5188,`1444,tuya_wifi_link.c.o (ex /home/noah/Documents/tuya/Projects/T5_TuyaOS-3.12.16/software/TuyaOS/libs/libtuyaos.a),/home/noah/Documents/tuya/Projects/T5_TuyaOS-3.12.16/software/TuyaOS/libs/libtuyaos.a
4189,2904,1285,4,32,4225,`1081,tuya_wifi_connect.c.o (ex /home/noah/Documents/tuya/Projects/T5_TuyaOS-3.12.16/software/TuyaOS/libs/libtuyaos.a),/home/noah/Documents/tuya/Projects/T5_TuyaOS-3.12.16/software/TuyaOS/libs/libtuyaos.a
677,508,169,1,11,689,`2b1,tuya_wifi_status.c.o (ex /home/noah/Documents/tuya/Projects/T5_TuyaOS-3.12.16/software/TuyaOS/libs/libtuyaos.a),/home/noah/Documents/tuya/Projects/T5_TuyaOS-3.12.16/software/TuyaOS/libs/libtuyaos.a
3405,2614,791,4,32,3441,`d71,tuya_wifi_reset.c.o (ex /home/noah/Documents/tuya/Projects/T5_TuyaOS-3.12.16/software/TuyaOS/libs/libtuyaos.a),/home/noah/Documents/tuya/Projects/T5_TuyaOS-3.12.16/software/TuyaOS/libs/libtuyaos.a
9613,7186,2427,4,8,9625,`2599,tuya_wifi_protect.c.o (ex /home/noah/Documents/tuya/Projects/T5_TuyaOS-3.12.16/software/TuyaOS/libs/libtuyaos.a),/home/noah/Documents/tuya/Projects/T5_TuyaOS-3.12.16/software/TuyaOS/libs/libtuyaos.a
4153,3062,1091,1,16,4170,`104a,tuya_wifi_netcfg.c.o (ex /home/noah/Documents/tuya/Projects/T5_TuyaOS-3.12.16/software/TuyaOS/libs/libtuyaos.a),/home/noah/Documents/tuya/Projects/T5_TuyaOS-3.12.16/software/TuyaOS/libs/libtuyaos.a
499,412,87,0,12,511,`1ff,tal_system.c.o (ex /home/noah/Documents/tuya/Projects/T5_TuyaOS-3.12.16/software/TuyaOS/libs/libtuyaos.a),/home/noah/Documents/tuya/Projects/T5_TuyaOS-3.12.16/software/TuyaOS/libs/libtuyaos.a
1913,1328,585,0,16,1929,`789,tal_thread.c.o (ex /home/noah/Documents/tuya/Projects/T5_TuyaOS-3.12.16/software/TuyaOS/libs/libtuyaos.a),/home/noah/Documents/tuya/Projects/T5_TuyaOS-3.12.16/software/TuyaOS/libs/libtuyaos.a
713,424,289,0,16,729,`2d9,tal_sleep.c.o (ex /home/noah/Documents/tuya/Projects/T5_TuyaOS-3.12.16/software/TuyaOS/libs/libtuyaos.a),/home/noah/Documents/tuya/Projects/T5_TuyaOS-3.12.16/software/TuyaOS/libs/libtuyaos.a
803,756,47,0,0,803,`323,tal_workqueue.c.o (ex /home/noah/Documents/tuya/Projects/T5_TuyaOS-3.12.16/software/TuyaOS/libs/libtuyaos.a),/home/noah/Documents/tuya/Projects/T5_TuyaOS-3.12.16/software/TuyaOS/libs/libtuyaos.a
832,796,36,0,40,872,`368,tal_sw_timer.c.o (ex /home/noah/Documents/tuya/Projects/T5_TuyaOS-3.12.16/software/TuyaOS/libs/libtuyaos.a),/home/noah/Documents/tuya/Projects/T5_TuyaOS-3.12.16/software/TuyaOS/libs/libtuyaos.a
343,216,127,0,0,343,`157,tuya_uf_db.c.o (ex /home/noah/Documents/tuya/Projects/T5_TuyaOS-3.12.16/software/TuyaOS/libs/libtuyaos.a),/home/noah/Documents/tuya/Projects/T5_TuyaOS-3.12.16/software/TuyaOS/libs/libtuyaos.a
1351,1000,351,0,76,1427,`593,tuya_svc_netmgr_linkage.c.o (ex /home/noah/Documents/tuya/Projects/T5_TuyaOS-3.12.16/software/TuyaOS/libs/libtuyaos.a),/home/noah/Documents/tuya/Projects/T5_TuyaOS-3.12.16/software/TuyaOS/libs/libtuyaos.a
266,240,26,0,0,266,`10a,tuya_svc_netmgr.c.o (ex /home/noah/Documents/tuya/Projects/T5_TuyaOS-3.12.16/software/TuyaOS/libs/libtuyaos.a),/home/noah/Documents/tuya/Projects/T5_TuyaOS-3.12.16/software/TuyaOS/libs/libtuyaos.a
1716,1398,318,0,0,1716,`6b4,http_inf.c.o (ex /home/noah/Documents/tuya/Projects/T5_TuyaOS-3.12.16/software/TuyaOS/libs/libtuyaos.a),/home/noah/Documents/tuya/Projects/T5_TuyaOS-3.12.16/software/TuyaOS/libs/libtuyaos.a
9287,5622,3665,2,32,9321,`2469,httpc.c.o (ex /home/noah/Documents/tuya/Projects/T5_TuyaOS-3.12.16/software/TuyaOS/libs/libtuyaos.a),/home/noah/Documents/tuya/Projects/T5_TuyaOS-3.12.16/software/TuyaOS/libs/libtuyaos.a
2073,1548,525,0,96,2169,`879,http_manager.c.o (ex /home/noah/Documents/tuya/Projects/T5_TuyaOS-3.12.16/software/TuyaOS/libs/libtuyaos.a),/home/noah/Documents/tuya/Projects/T5_TuyaOS-3.12.16/software/TuyaOS/libs/libtuyaos.a
203,186,17,0,4,207,`cf,uni_random.c.o (ex /home/noah/Documents/tuya/Projects/T5_TuyaOS-3.12.16/software/TuyaOS/libs/libtuyaos.a),/home/noah/Documents/tuya/Projects/T5_TuyaOS-3.12.16/software/TuyaOS/libs/libtuyaos.a
1088,64,1024,0,0,1088,`440,crc32i.c.o (ex /home/noah/Documents/tuya/Projects/T5_TuyaOS-3.12.16/software/TuyaOS/libs/libtuyaos.a),/home/noah/Documents/tuya/Projects/T5_TuyaOS-3.12.16/software/TuyaOS/libs/libtuyaos.a
1902,1896,6,0,0,1902,`76e,tuya_lib_mqtt.c.o (ex /home/noah/Documents/tuya/Projects/T5_TuyaOS-3.12.16/software/TuyaOS/libs/libtuyaos.a),/home/noah/Documents/tuya/Projects/T5_TuyaOS-3.12.16/software/TuyaOS/libs/libtuyaos.a
414,374,40,0,8,422,`1a6,kv_storge.c.o (ex /home/noah/Documents/tuya/Projects/T5_TuyaOS-3.12.16/software/TuyaOS/libs/libtuyaos.a),/home/noah/Documents/tuya/Projects/T5_TuyaOS-3.12.16/software/TuyaOS/libs/libtuyaos.a
1654,1262,392,0,36,1690,`69a,simple_flash_app.c.o (ex /home/noah/Documents/tuya/Projects/T5_TuyaOS-3.12.16/software/TuyaOS/libs/libtuyaos.a),/home/noah/Documents/tuya/Projects/T5_TuyaOS-3.12.16/software/TuyaOS/libs/libtuyaos.a
1715,1306,409,0,36,1751,`6d7,uf_flash_file_app.c.o (ex /home/noah/Documents/tuya/Projects/T5_TuyaOS-3.12.16/software/TuyaOS/libs/libtuyaos.a),/home/noah/Documents/tuya/Projects/T5_TuyaOS-3.12.16/software/TuyaOS/libs/libtuyaos.a
8985,7502,1483,0,4,8989,`231d,simple_flash.c.o (ex /home/noah/Documents/tuya/Projects/T5_TuyaOS-3.12.16/software/TuyaOS/libs/libtuyaos.a),/home/noah/Documents/tuya/Projects/T5_TuyaOS-3.12.16/software/TuyaOS/libs/libtuyaos.a
7314,5186,2128,0,56,7370,`1cca,tuya_cert_manager.c.o (ex /home/noah/Documents/tuya/Projects/T5_TuyaOS-3.12.16/software/TuyaOS/libs/libtuyaos.a),/home/noah/Documents/tuya/Projects/T5_TuyaOS-3.12.16/software/TuyaOS/libs/libtuyaos.a
3263,2456,807,0,16,3279,`ccf,com_protocol.c.o (ex /home/noah/Documents/tuya/Projects/T5_TuyaOS-3.12.16/software/TuyaOS/libs/libtuyaos.a),/home/noah/Documents/tuya/Projects/T5_TuyaOS-3.12.16/software/TuyaOS/libs/libtuyaos.a
812,658,154,0,12,824,`338,ty_meta_report.c.o (ex /home/noah/Documents/tuya/Projects/T5_TuyaOS-3.12.16/software/TuyaOS/libs/libtuyaos.a),/home/noah/Documents/tuya/Projects/T5_TuyaOS-3.12.16/software/TuyaOS/libs/libtuyaos.a
3224,2020,1204,4,148,3376,`d30,tuya_svc_online_log.c.o (ex /home/noah/Documents/tuya/Projects/T5_TuyaOS-3.12.16/software/TuyaOS/libs/libtuyaos.a),/home/noah/Documents/tuya/Projects/T5_TuyaOS-3.12.16/software/TuyaOS/libs/libtuyaos.a
1093,788,305,0,12,1105,`451,svc_netcfg_qrcode.c.o (ex /home/noah/Documents/tuya/Projects/T5_TuyaOS-3.12.16/software/TuyaOS/libs/libtuyaos.a),/home/noah/Documents/tuya/Projects/T5_TuyaOS-3.12.16/software/TuyaOS/libs/libtuyaos.a
4381,3106,1275,37,3272,7690,`1e0a,tuya_tls.c.o (ex /home/noah/Documents/tuya/Projects/T5_TuyaOS-3.12.16/software/TuyaOS/libs/libtuyaos.a),/home/noah/Documents/tuya/Projects/T5_TuyaOS-3.12.16/software/TuyaOS/libs/libtuyaos.a
4491,3324,1167,0,4,4495,`118f,astro_timer.c.o (ex /home/noah/Documents/tuya/Projects/T5_TuyaOS-3.12.16/software/TuyaOS/libs/libtuyaos.a),/home/noah/Documents/tuya/Projects/T5_TuyaOS-3.12.16/software/TuyaOS/libs/libtuyaos.a
10474,7726,2748,0,256,10730,`29ea,tuya_svc_timer_task.c.o (ex /home/noah/Documents/tuya/Projects/T5_TuyaOS-3.12.16/software/TuyaOS/libs/libtuyaos.a),/home/noah/Documents/tuya/Projects/T5_TuyaOS-3.12.16/software/TuyaOS/libs/libtuyaos.a
1739,1264,475,0,28,1767,`6e7,tuya_svc_mqtt_direct.c.o (ex /home/noah/Documents/tuya/Projects/T5_TuyaOS-3.12.16/software/TuyaOS/libs/libtuyaos.a),/home/noah/Documents/tuya/Projects/T5_TuyaOS-3.12.16/software/TuyaOS/libs/libtuyaos.a
1051,876,175,0,0,1051,`41b,tcp_transporter.c.o (ex /home/noah/Documents/tuya/Projects/T5_TuyaOS-3.12.16/software/TuyaOS/libs/libtuyaos.a),/home/noah/Documents/tuya/Projects/T5_TuyaOS-3.12.16/software/TuyaOS/libs/libtuyaos.a
37618,5198,32420,28,0,37646,`930e,ecp_curves.c.o (ex /home/noah/Documents/tuya/Projects/T5_TuyaOS-3.12.16/software/TuyaOS/libs/libtuyaos.a),/home/noah/Documents/tuya/Projects/T5_TuyaOS-3.12.16/software/TuyaOS/libs/libtuyaos.a
6441,6346,95,64,0,6505,`1969,ssl_tls.c.o (ex /home/noah/Documents/tuya/Projects/T5_TuyaOS-3.12.16/software/TuyaOS/libs/libtuyaos.a),/home/noah/Documents/tuya/Projects/T5_TuyaOS-3.12.16/software/TuyaOS/libs/libtuyaos.a
3808,3786,22,0,0,3808,`ee0,ssl_cli.c.o (ex /home/noah/Documents/tuya/Projects/T5_TuyaOS-3.12.16/software/TuyaOS/libs/libtuyaos.a),/home/noah/Documents/tuya/Projects/T5_TuyaOS-3.12.16/software/TuyaOS/libs/libtuyaos.a
8478,7806,672,0,0,8478,`211e,bignum.c.o (ex /home/noah/Documents/tuya/Projects/T5_TuyaOS-3.12.16/software/TuyaOS/libs/libtuyaos.a),/home/noah/Documents/tuya/Projects/T5_TuyaOS-3.12.16/software/TuyaOS/libs/libtuyaos.a
1272,1264,8,0,0,1272,`4f8,pkparse.c.o (ex /home/noah/Documents/tuya/Projects/T5_TuyaOS-3.12.16/software/TuyaOS/libs/libtuyaos.a),/home/noah/Documents/tuya/Projects/T5_TuyaOS-3.12.16/software/TuyaOS/libs/libtuyaos.a
1250,728,522,0,0,1250,`4e2,wifi_ap_activate.c.o (ex /home/noah/Documents/tuya/Projects/T5_TuyaOS-3.12.16/software/TuyaOS/libs/libtuyaos.a),/home/noah/Documents/tuya/Projects/T5_TuyaOS-3.12.16/software/TuyaOS/libs/libtuyaos.a
563,436,127,0,0,563,`233,tal_x509.c.o (ex /home/noah/Documents/tuya/Projects/T5_TuyaOS-3.12.16/software/TuyaOS/libs/libtuyaos.a),/home/noah/Documents/tuya/Projects/T5_TuyaOS-3.12.16/software/TuyaOS/libs/libtuyaos.a
16636,8758,7878,0,0,16636,`40fc,minimp3.c.o (ex /home/noah/Documents/tuya/Projects/T5_TuyaOS-3.12.16/software/TuyaOS/libs/libtuyaos.a),/home/noah/Documents/tuya/Projects/T5_TuyaOS-3.12.16/software/TuyaOS/libs/libtuyaos.a
3836,3430,406,0,0,3836,`efc,tuya_afilter_resample.c.o (ex /home/noah/Documents/tuya/Projects/T5_TuyaOS-3.12.16/software/TuyaOS/libs/libtuyaos.a),/home/noah/Documents/tuya/Projects/T5_TuyaOS-3.12.16/software/TuyaOS/libs/libtuyaos.a
294,242,52,0,0,294,`126,tuya_afilter_sconv.c.o (ex /home/noah/Documents/tuya/Projects/T5_TuyaOS-3.12.16/software/TuyaOS/libs/libtuyaos.a),/home/noah/Documents/tuya/Projects/T5_TuyaOS-3.12.16/software/TuyaOS/libs/libtuyaos.a
383,276,107,0,0,383,`17f,tuya_aqueue.c.o (ex /home/noah/Documents/tuya/Projects/T5_TuyaOS-3.12.16/software/TuyaOS/libs/libtuyaos.a),/home/noah/Documents/tuya/Projects/T5_TuyaOS-3.12.16/software/TuyaOS/libs/libtuyaos.a
260,208,52,0,0,260,`104,tuya_abase_sample.c.o (ex /home/noah/Documents/tuya/Projects/T5_TuyaOS-3.12.16/software/TuyaOS/libs/libtuyaos.a),/home/noah/Documents/tuya/Projects/T5_TuyaOS-3.12.16/software/TuyaOS/libs/libtuyaos.a
640,428,212,36,0,676,`2a4,tuya_aplayback.c.o (ex /home/noah/Documents/tuya/Projects/T5_TuyaOS-3.12.16/software/TuyaOS/libs/libtuyaos.a),/home/noah/Documents/tuya/Projects/T5_TuyaOS-3.12.16/software/TuyaOS/libs/libtuyaos.a
830,680,150,0,0,830,`33e,tuya_amix_fifo.c.o (ex /home/noah/Documents/tuya/Projects/T5_TuyaOS-3.12.16/software/TuyaOS/libs/libtuyaos.a),/home/noah/Documents/tuya/Projects/T5_TuyaOS-3.12.16/software/TuyaOS/libs/libtuyaos.a
2736,2052,684,0,0,2736,`ab0,simple_flash_protected.c.o (ex /home/noah/Documents/tuya/Projects/T5_TuyaOS-3.12.16/software/TuyaOS/libs/libtuyaos.a),/home/noah/Documents/tuya/Projects/T5_TuyaOS-3.12.16/software/TuyaOS/libs/libtuyaos.a
147,120,27,0,0,147,`93,svc_online_log_db.c.o (ex /home/noah/Documents/tuya/Projects/T5_TuyaOS-3.12.16/software/TuyaOS/libs/libtuyaos.a),/home/noah/Documents/tuya/Projects/T5_TuyaOS-3.12.16/software/TuyaOS/libs/libtuyaos.a
196,116,80,0,0,196,`c4,svc_online_log_mqtt.c.o (ex /home/noah/Documents/tuya/Projects/T5_TuyaOS-3.12.16/software/TuyaOS/libs/libtuyaos.a),/home/noah/Documents/tuya/Projects/T5_TuyaOS-3.12.16/software/TuyaOS/libs/libtuyaos.a
1538,1528,10,0,0,1538,`602,x509.c.o (ex /home/noah/Documents/tuya/Projects/T5_TuyaOS-3.12.16/software/TuyaOS/libs/libtuyaos.a),/home/noah/Documents/tuya/Projects/T5_TuyaOS-3.12.16/software/TuyaOS/libs/libtuyaos.a
1127,1020,107,0,0,1127,`467,pem.c.o (ex /home/noah/Documents/tuya/Projects/T5_TuyaOS-3.12.16/software/TuyaOS/libs/libtuyaos.a),/home/noah/Documents/tuya/Projects/T5_TuyaOS-3.12.16/software/TuyaOS/libs/libtuyaos.a
1491,1388,103,0,0,1491,`5d3,tuya_afilter_remap.c.o (ex /home/noah/Documents/tuya/Projects/T5_TuyaOS-3.12.16/software/TuyaOS/libs/libtuyaos.a),/home/noah/Documents/tuya/Projects/T5_TuyaOS-3.12.16/software/TuyaOS/libs/libtuyaos.a
1591,1536,55,0,0,1591,`637,rsa_alt_helpers.c.o (ex /home/noah/Documents/tuya/Projects/T5_TuyaOS-3.12.16/software/TuyaOS/libs/libtuyaos.a),/home/noah/Documents/tuya/Projects/T5_TuyaOS-3.12.16/software/TuyaOS/libs/libtuyaos.a
2663,2338,325,0,0,2663,`a67,uf_flash_file.c.o (ex /home/noah/Documents/tuya/Projects/T5_TuyaOS-3.12.16/software/TuyaOS/libs/libtuyaos.a),/home/noah/Documents/tuya/Projects/T5_TuyaOS-3.12.16/software/TuyaOS/libs/libtuyaos.a
228,228,0,0,0,228,`e4,uni_log.c.o (ex /home/noah/Documents/tuya/Projects/T5_TuyaOS-3.12.16/software/TuyaOS/libs/libtuyaos.a),/home/noah/Documents/tuya/Projects/T5_TuyaOS-3.12.16/software/TuyaOS/libs/libtuyaos.a
94,94,0,0,0,94,`5e,tuya_wakeupword.c.o (ex /home/noah/Documents/tuya/Projects/T5_TuyaOS-3.12.16/software/TuyaOS/libs/libtuyaos.a),/home/noah/Documents/tuya/Projects/T5_TuyaOS-3.12.16/software/TuyaOS/libs/libtuyaos.a
192,192,0,0,0,192,`c0,tuya_transport.c.o (ex /home/noah/Documents/tuya/Projects/T5_TuyaOS-3.12.16/software/TuyaOS/libs/libtuyaos.a),/home/noah/Documents/tuya/Projects/T5_TuyaOS-3.12.16/software/TuyaOS/libs/libtuyaos.a
70,70,0,0,0,70,`46,tal_wired.c.o (ex /home/noah/Documents/tuya/Projects/T5_TuyaOS-3.12.16/software/TuyaOS/libs/libtuyaos.a),/home/noah/Documents/tuya/Projects/T5_TuyaOS-3.12.16/software/TuyaOS/libs/libtuyaos.a
836,836,0,0,0,836,`344,tal_network.c.o (ex /home/noah/Documents/tuya/Projects/T5_TuyaOS-3.12.16/software/TuyaOS/libs/libtuyaos.a),/home/noah/Documents/tuya/Projects/T5_TuyaOS-3.12.16/software/TuyaOS/libs/libtuyaos.a
134,134,0,0,0,134,`86,tuya_iot_internal_api.c.o (ex /home/noah/Documents/tuya/Projects/T5_TuyaOS-3.12.16/software/TuyaOS/libs/libtuyaos.a),/home/noah/Documents/tuya/Projects/T5_TuyaOS-3.12.16/software/TuyaOS/libs/libtuyaos.a
32,32,0,0,8,40,`28,tuya_svc_schema_upgrade.c.o (ex /home/noah/Documents/tuya/Projects/T5_TuyaOS-3.12.16/software/TuyaOS/libs/libtuyaos.a),/home/noah/Documents/tuya/Projects/T5_TuyaOS-3.12.16/software/TuyaOS/libs/libtuyaos.a
144,144,0,0,0,144,`90,tal_flash.c.o (ex /home/noah/Documents/tuya/Projects/T5_TuyaOS-3.12.16/software/TuyaOS/libs/libtuyaos.a),/home/noah/Documents/tuya/Projects/T5_TuyaOS-3.12.16/software/TuyaOS/libs/libtuyaos.a
40,40,0,0,0,40,`28,tal_watchdog.c.o (ex /home/noah/Documents/tuya/Projects/T5_TuyaOS-3.12.16/software/TuyaOS/libs/libtuyaos.a),/home/noah/Documents/tuya/Projects/T5_TuyaOS-3.12.16/software/TuyaOS/libs/libtuyaos.a
44,44,0,8,0,52,`34,platform.c.o (ex /home/noah/Documents/tuya/Projects/T5_TuyaOS-3.12.16/software/TuyaOS/libs/libtuyaos.a),/home/noah/Documents/tuya/Projects/T5_TuyaOS-3.12.16/software/TuyaOS/libs/libtuyaos.a
1504,1504,0,0,0,1504,`5e0,ccm.c.o (ex /home/noah/Documents/tuya/Projects/T5_TuyaOS-3.12.16/software/TuyaOS/libs/libtuyaos.a),/home/noah/Documents/tuya/Projects/T5_TuyaOS-3.12.16/software/TuyaOS/libs/libtuyaos.a
2240,2240,0,0,0,2240,`8c0,cipher.c.o (ex /home/noah/Documents/tuya/Projects/T5_TuyaOS-3.12.16/software/TuyaOS/libs/libtuyaos.a),/home/noah/Documents/tuya/Projects/T5_TuyaOS-3.12.16/software/TuyaOS/libs/libtuyaos.a
4132,4132,0,0,0,4132,`1024,sha1.c.o (ex /home/noah/Documents/tuya/Projects/T5_TuyaOS-3.12.16/software/TuyaOS/libs/libtuyaos.a),/home/noah/Documents/tuya/Projects/T5_TuyaOS-3.12.16/software/TuyaOS/libs/libtuyaos.a
20,20,0,4,0,24,`18,platform_util.c.o (ex /home/noah/Documents/tuya/Projects/T5_TuyaOS-3.12.16/software/TuyaOS/libs/libtuyaos.a),/home/noah/Documents/tuya/Projects/T5_TuyaOS-3.12.16/software/TuyaOS/libs/libtuyaos.a
1374,1374,0,0,0,1374,`55e,constant_time.c.o (ex /home/noah/Documents/tuya/Projects/T5_TuyaOS-3.12.16/software/TuyaOS/libs/libtuyaos.a),/home/noah/Documents/tuya/Projects/T5_TuyaOS-3.12.16/software/TuyaOS/libs/libtuyaos.a
182,182,0,0,0,182,`b6,ap_pbkdf2.c.o (ex /home/noah/Documents/tuya/Projects/T5_TuyaOS-3.12.16/software/TuyaOS/libs/libtuyaos.a),/home/noah/Documents/tuya/Projects/T5_TuyaOS-3.12.16/software/TuyaOS/libs/libtuyaos.a
316,316,0,0,0,316,`13c,tal_template.c.o (ex /home/noah/Documents/tuya/Projects/T5_TuyaOS-3.12.16/software/TuyaOS/libs/libtuyaos.a),/home/noah/Documents/tuya/Projects/T5_TuyaOS-3.12.16/software/TuyaOS/libs/libtuyaos.a
4,4,0,28,0,32,`20,tuya_svc_netmgr_linkage_virtual.c.o (ex /home/noah/Documents/tuya/Projects/T5_TuyaOS-3.12.16/software/TuyaOS/libs/libtuyaos.a),/home/noah/Documents/tuya/Projects/T5_TuyaOS-3.12.16/software/TuyaOS/libs/libtuyaos.a
716,716,0,0,0,716,`2cc,tal_symmetry.c.o (ex /home/noah/Documents/tuya/Projects/T5_TuyaOS-3.12.16/software/TuyaOS/libs/libtuyaos.a),/home/noah/Documents/tuya/Projects/T5_TuyaOS-3.12.16/software/TuyaOS/libs/libtuyaos.a
514,514,0,0,0,514,`202,tal_hash.c.o (ex /home/noah/Documents/tuya/Projects/T5_TuyaOS-3.12.16/software/TuyaOS/libs/libtuyaos.a),/home/noah/Documents/tuya/Projects/T5_TuyaOS-3.12.16/software/TuyaOS/libs/libtuyaos.a
162,162,0,0,0,162,`a2,mbedtls_symmetry.c.o (ex /home/noah/Documents/tuya/Projects/T5_TuyaOS-3.12.16/software/TuyaOS/libs/libtuyaos.a),/home/noah/Documents/tuya/Projects/T5_TuyaOS-3.12.16/software/TuyaOS/libs/libtuyaos.a
294,294,0,0,0,294,`126,mbedtls_hash.c.o (ex /home/noah/Documents/tuya/Projects/T5_TuyaOS-3.12.16/software/TuyaOS/libs/libtuyaos.a),/home/noah/Documents/tuya/Projects/T5_TuyaOS-3.12.16/software/TuyaOS/libs/libtuyaos.a
836,836,0,0,1,837,`345,mix_method.c.o (ex /home/noah/Documents/tuya/Projects/T5_TuyaOS-3.12.16/software/TuyaOS/libs/libtuyaos.a),/home/noah/Documents/tuya/Projects/T5_TuyaOS-3.12.16/software/TuyaOS/libs/libtuyaos.a
72,72,0,0,0,72,`48,crc_16.c.o (ex /home/noah/Documents/tuya/Projects/T5_TuyaOS-3.12.16/software/TuyaOS/libs/libtuyaos.a),/home/noah/Documents/tuya/Projects/T5_TuyaOS-3.12.16/software/TuyaOS/libs/libtuyaos.a
80,80,0,0,0,80,`50,uni_base64.c.o (ex /home/noah/Documents/tuya/Projects/T5_TuyaOS-3.12.16/software/TuyaOS/libs/libtuyaos.a),/home/noah/Documents/tuya/Projects/T5_TuyaOS-3.12.16/software/TuyaOS/libs/libtuyaos.a
4,4,0,0,0,4,`4,svc_online_log_http.c.o (ex /home/noah/Documents/tuya/Projects/T5_TuyaOS-3.12.16/software/TuyaOS/libs/libtuyaos.a),/home/noah/Documents/tuya/Projects/T5_TuyaOS-3.12.16/software/TuyaOS/libs/libtuyaos.a
4222,4222,0,0,8748,12970,`32aa,aes.c.o (ex /home/noah/Documents/tuya/Projects/T5_TuyaOS-3.12.16/software/TuyaOS/libs/libtuyaos.a),/home/noah/Documents/tuya/Projects/T5_TuyaOS-3.12.16/software/TuyaOS/libs/libtuyaos.a
1590,1590,0,0,0,1590,`636,gcm.c.o (ex /home/noah/Documents/tuya/Projects/T5_TuyaOS-3.12.16/software/TuyaOS/libs/libtuyaos.a),/home/noah/Documents/tuya/Projects/T5_TuyaOS-3.12.16/software/TuyaOS/libs/libtuyaos.a
626,626,0,0,0,626,`272,ecdh.c.o (ex /home/noah/Documents/tuya/Projects/T5_TuyaOS-3.12.16/software/TuyaOS/libs/libtuyaos.a),/home/noah/Documents/tuya/Projects/T5_TuyaOS-3.12.16/software/TuyaOS/libs/libtuyaos.a
44,44,0,16,0,60,`3c,threading.c.o (ex /home/noah/Documents/tuya/Projects/T5_TuyaOS-3.12.16/software/TuyaOS/libs/libtuyaos.a),/home/noah/Documents/tuya/Projects/T5_TuyaOS-3.12.16/software/TuyaOS/libs/libtuyaos.a
564,564,0,0,0,564,`234,base64.c.o (ex /home/noah/Documents/tuya/Projects/T5_TuyaOS-3.12.16/software/TuyaOS/libs/libtuyaos.a),/home/noah/Documents/tuya/Projects/T5_TuyaOS-3.12.16/software/TuyaOS/libs/libtuyaos.a
3862,3862,0,0,0,3862,`f16,ssl_msg.c.o (ex /home/noah/Documents/tuya/Projects/T5_TuyaOS-3.12.16/software/TuyaOS/libs/libtuyaos.a),/home/noah/Documents/tuya/Projects/T5_TuyaOS-3.12.16/software/TuyaOS/libs/libtuyaos.a
930,930,0,0,0,930,`3a2,entropy.c.o (ex /home/noah/Documents/tuya/Projects/T5_TuyaOS-3.12.16/software/TuyaOS/libs/libtuyaos.a),/home/noah/Documents/tuya/Projects/T5_TuyaOS-3.12.16/software/TuyaOS/libs/libtuyaos.a
62,62,0,0,0,62,`3e,entropy_poll.c.o (ex /home/noah/Documents/tuya/Projects/T5_TuyaOS-3.12.16/software/TuyaOS/libs/libtuyaos.a),/home/noah/Documents/tuya/Projects/T5_TuyaOS-3.12.16/software/TuyaOS/libs/libtuyaos.a
784,784,0,0,0,784,`310,chachapoly.c.o (ex /home/noah/Documents/tuya/Projects/T5_TuyaOS-3.12.16/software/TuyaOS/libs/libtuyaos.a),/home/noah/Documents/tuya/Projects/T5_TuyaOS-3.12.16/software/TuyaOS/libs/libtuyaos.a
892,892,0,0,0,892,`37c,chacha20.c.o (ex /home/noah/Documents/tuya/Projects/T5_TuyaOS-3.12.16/software/TuyaOS/libs/libtuyaos.a),/home/noah/Documents/tuya/Projects/T5_TuyaOS-3.12.16/software/TuyaOS/libs/libtuyaos.a
2306,2306,0,0,0,2306,`902,md5.c.o (ex /home/noah/Documents/tuya/Projects/T5_TuyaOS-3.12.16/software/TuyaOS/libs/libtuyaos.a),/home/noah/Documents/tuya/Projects/T5_TuyaOS-3.12.16/software/TuyaOS/libs/libtuyaos.a
280,280,0,0,0,280,`118,pkcs5.c.o (ex /home/noah/Documents/tuya/Projects/T5_TuyaOS-3.12.16/software/TuyaOS/libs/libtuyaos.a),/home/noah/Documents/tuya/Projects/T5_TuyaOS-3.12.16/software/TuyaOS/libs/libtuyaos.a
1220,1220,0,0,0,1220,`4c4,ctr_drbg.c.o (ex /home/noah/Documents/tuya/Projects/T5_TuyaOS-3.12.16/software/TuyaOS/libs/libtuyaos.a),/home/noah/Documents/tuya/Projects/T5_TuyaOS-3.12.16/software/TuyaOS/libs/libtuyaos.a
950,950,0,0,0,950,`3b6,asn1parse.c.o (ex /home/noah/Documents/tuya/Projects/T5_TuyaOS-3.12.16/software/TuyaOS/libs/libtuyaos.a),/home/noah/Documents/tuya/Projects/T5_TuyaOS-3.12.16/software/TuyaOS/libs/libtuyaos.a
260,260,0,0,4,264,`108,uf_file.c.o (ex /home/noah/Documents/tuya/Projects/T5_TuyaOS-3.12.16/software/TuyaOS/libs/libtuyaos.a),/home/noah/Documents/tuya/Projects/T5_TuyaOS-3.12.16/software/TuyaOS/libs/libtuyaos.a
4800,4800,0,0,0,4800,`12c0,rsa.c.o (ex /home/noah/Documents/tuya/Projects/T5_TuyaOS-3.12.16/software/TuyaOS/libs/libtuyaos.a),/home/noah/Documents/tuya/Projects/T5_TuyaOS-3.12.16/software/TuyaOS/libs/libtuyaos.a
1058,1058,0,0,0,1058,`422,poly1305.c.o (ex /home/noah/Documents/tuya/Projects/T5_TuyaOS-3.12.16/software/TuyaOS/libs/libtuyaos.a),/home/noah/Documents/tuya/Projects/T5_TuyaOS-3.12.16/software/TuyaOS/libs/libtuyaos.a
116,116,0,0,0,116,`74,tal_fs.c.o (ex /home/noah/Documents/tuya/Projects/T5_TuyaOS-3.12.16/software/TuyaOS/libs/libtuyaos.a),/home/noah/Documents/tuya/Projects/T5_TuyaOS-3.12.16/software/TuyaOS/libs/libtuyaos.a
1338,1338,0,0,0,1338,`53a,ecdsa.c.o (ex /home/noah/Documents/tuya/Projects/T5_TuyaOS-3.12.16/software/TuyaOS/libs/libtuyaos.a),/home/noah/Documents/tuya/Projects/T5_TuyaOS-3.12.16/software/TuyaOS/libs/libtuyaos.a
390,390,0,0,0,390,`186,asn1write.c.o (ex /home/noah/Documents/tuya/Projects/T5_TuyaOS-3.12.16/software/TuyaOS/libs/libtuyaos.a),/home/noah/Documents/tuya/Projects/T5_TuyaOS-3.12.16/software/TuyaOS/libs/libtuyaos.a
454947,327486,127461,935,19150,475032,`73f98,/home/noah/Documents/tuya/Projects/T5_TuyaOS-3.12.16/software/TuyaOS/libs/libtuyaos.a,/home/noah/Documents/tuya/Projects/T5_TuyaOS-3.12.16/software/TuyaOS/libs/libtuyaos.a
310,222,88,0,4,314,`13a,components_init.c.obj (ex armino/bk_init/libbk_init.a),armino/bk_init/libbk_init.a
63,14,49,0,0,63,`3f,bk_init.c.obj (ex armino/bk_init/libbk_init.a),armino/bk_init/libbk_init.a
373,236,137,0,4,377,`179,armino/bk_init/libbk_init.a,armino/bk_init/libbk_init.a
2412,1934,478,0,17,2429,`97d,event.c.obj (ex armino/bk_event/libbk_event.a),armino/bk_event/libbk_event.a
2412,1934,478,0,17,2429,`97d,armino/bk_event/libbk_event.a,armino/bk_event/libbk_event.a
1221,568,653,0,0,1221,`4c5,rtos_debug.c.obj (ex armino/bk_rtos/libbk_rtos.a),armino/bk_rtos/libbk_rtos.a
196,186,10,0,0,196,`c4,str_arch.c.obj (ex armino/bk_rtos/libbk_rtos.a),armino/bk_rtos/libbk_rtos.a
292,182,110,0,0,292,`124,platform_stub.c.obj (ex armino/bk_rtos/libbk_rtos.a),armino/bk_rtos/libbk_rtos.a
4026,3586,440,4816,5,8847,`228f,rtos_pub.c.obj (ex armino/bk_rtos/libbk_rtos.a),armino/bk_rtos/libbk_rtos.a
159,140,19,0,4,163,`a3,pthread_local_storage.c.obj (ex armino/bk_rtos/libbk_rtos.a),armino/bk_rtos/libbk_rtos.a
977,748,229,0,0,977,`3d1,mem_arch.c.obj (ex armino/bk_rtos/libbk_rtos.a),armino/bk_rtos/libbk_rtos.a
174,174,0,0,0,174,`ae,rtos_ext.c.obj (ex armino/bk_rtos/libbk_rtos.a),armino/bk_rtos/libbk_rtos.a
7045,5584,1461,4816,9,11870,`2e5e,armino/bk_rtos/libbk_rtos.a,armino/bk_rtos/libbk_rtos.a
445,408,37,0,65,510,`1fe,bk_netif.c.obj (ex armino/bk_netif/libbk_netif.a),armino/bk_netif/libbk_netif.a
445,408,37,0,65,510,`1fe,armino/bk_netif/libbk_netif.a,armino/bk_netif/libbk_netif.a
1846,950,896,0,0,1846,`736,bk_phy_adapter.c.obj (ex armino/bk_phy/libbk_phy.a),armino/bk_phy/libbk_phy.a
138,78,60,0,0,138,`8a,bk_rf_adapter.c.obj (ex armino/bk_phy/libbk_phy.a),armino/bk_phy/libbk_phy.a
1984,1028,956,0,0,1984,`7c0,armino/bk_phy/libbk_phy.a,armino/bk_phy/libbk_phy.a
1790,1494,296,0,64,1854,`73e,temp_detect.c.obj (ex armino/temp_detect/libtemp_detect.a),armino/temp_detect/libtemp_detect.a
891,730,161,0,36,927,`39f,volt_detect.c.obj (ex armino/temp_detect/libtemp_detect.a),armino/temp_detect/libtemp_detect.a
403,336,67,0,12,415,`19f,bk_sensor.c.obj (ex armino/temp_detect/libtemp_detect.a),armino/temp_detect/libtemp_detect.a
3084,2560,524,0,112,3196,`c7c,armino/temp_detect/libtemp_detect.a,armino/temp_detect/libtemp_detect.a
4019,2644,1375,28,16,4063,`fdf,iperf.c.obj (ex armino/iperf/libiperf.a),armino/iperf/libiperf.a
4019,2644,1375,28,16,4063,`fdf,armino/iperf/libiperf.a,armino/iperf/libiperf.a
469,322,147,84,0,553,`229,video_osi_wrapper.c.obj (ex armino/media_service/libmedia_service.a),armino/media_service/libmedia_service.a
297,202,95,48,0,345,`159,audio_osi_wrapper.c.obj (ex armino/media_service/libmedia_service.a),armino/media_service/libmedia_service.a
175,76,99,0,0,175,`af,media_service.c.obj (ex armino/media_service/libmedia_service.a),armino/media_service/libmedia_service.a
941,600,341,132,0,1073,`431,armino/media_service/libmedia_service.a,armino/media_service/libmedia_service.a
55,32,23,0,0,55,`37,ffsystem.c.obj (ex armino/fatfs/libfatfs.a),armino/fatfs/libfatfs.a
492,412,80,0,0,492,`1ec,disk_io.c.obj (ex armino/fatfs/libfatfs.a),armino/fatfs/libfatfs.a
6229,6020,209,0,19,6248,`1868,ff.c.obj (ex armino/fatfs/libfatfs.a),armino/fatfs/libfatfs.a
228,228,0,0,0,228,`e4,ffunicode.c.obj (ex armino/fatfs/libfatfs.a),armino/fatfs/libfatfs.a
7004,6692,312,0,19,7023,`1b6f,armino/fatfs/libfatfs.a,armino/fatfs/libfatfs.a
3376,1072,2304,8,12,3396,`d44,cmd_evm.c.obj (ex /home/noah/Documents/tuya/Projects/T5_TuyaOS-3.12.16/software/TuyaOS/vendor/T5/t5_os/bk_idk/components/bk_libs/bk7258/libs/libbk_phy.a),/home/noah/Documents/tuya/Projects/T5_TuyaOS-3.12.16/software/TuyaOS/vendor/T5/t5_os/bk_idk/components/bk_libs/bk7258/libs/libbk_phy.a
2741,2032,709,0,28,2769,`ad1,cmd_rx_sensitivity.c.obj (ex /home/noah/Documents/tuya/Projects/T5_TuyaOS-3.12.16/software/TuyaOS/vendor/T5/t5_os/bk_idk/components/bk_libs/bk7258/libs/libbk_phy.a),/home/noah/Documents/tuya/Projects/T5_TuyaOS-3.12.16/software/TuyaOS/vendor/T5/t5_os/bk_idk/components/bk_libs/bk7258/libs/libbk_phy.a
23645,18174,5471,62,400,24107,`5e2b,manual_cal_bk7236.c.obj (ex /home/noah/Documents/tuya/Projects/T5_TuyaOS-3.12.16/software/TuyaOS/vendor/T5/t5_os/bk_idk/components/bk_libs/bk7258/libs/libbk_phy.a),/home/noah/Documents/tuya/Projects/T5_TuyaOS-3.12.16/software/TuyaOS/vendor/T5/t5_os/bk_idk/components/bk_libs/bk7258/libs/libbk_phy.a
25728,21156,4572,27,524,26279,`66a7,bk7236_cal.c.obj (ex /home/noah/Documents/tuya/Projects/T5_TuyaOS-3.12.16/software/TuyaOS/vendor/T5/t5_os/bk_idk/components/bk_libs/bk7258/libs/libbk_phy.a),/home/noah/Documents/tuya/Projects/T5_TuyaOS-3.12.16/software/TuyaOS/vendor/T5/t5_os/bk_idk/components/bk_libs/bk7258/libs/libbk_phy.a
1552,1204,348,8,28,1588,`634,tx_evm.c.obj (ex /home/noah/Documents/tuya/Projects/T5_TuyaOS-3.12.16/software/TuyaOS/vendor/T5/t5_os/bk_idk/components/bk_libs/bk7258/libs/libbk_phy.a),/home/noah/Documents/tuya/Projects/T5_TuyaOS-3.12.16/software/TuyaOS/vendor/T5/t5_os/bk_idk/components/bk_libs/bk7258/libs/libbk_phy.a
1602,1220,382,0,0,1602,`642,la_driver.c.obj (ex /home/noah/Documents/tuya/Projects/T5_TuyaOS-3.12.16/software/TuyaOS/vendor/T5/t5_os/bk_idk/components/bk_libs/bk7258/libs/libbk_phy.a),/home/noah/Documents/tuya/Projects/T5_TuyaOS-3.12.16/software/TuyaOS/vendor/T5/t5_os/bk_idk/components/bk_libs/bk7258/libs/libbk_phy.a
270,244,26,0,1,271,`10f,nv_parameters.c.obj (ex /home/noah/Documents/tuya/Projects/T5_TuyaOS-3.12.16/software/TuyaOS/vendor/T5/t5_os/bk_idk/components/bk_libs/bk7258/libs/libbk_phy.a),/home/noah/Documents/tuya/Projects/T5_TuyaOS-3.12.16/software/TuyaOS/vendor/T5/t5_os/bk_idk/components/bk_libs/bk7258/libs/libbk_phy.a
449,424,25,0,24,473,`1d9,rf_cntrl.c.obj (ex /home/noah/Documents/tuya/Projects/T5_TuyaOS-3.12.16/software/TuyaOS/vendor/T5/t5_os/bk_idk/components/bk_libs/bk7258/libs/libbk_phy.a),/home/noah/Documents/tuya/Projects/T5_TuyaOS-3.12.16/software/TuyaOS/vendor/T5/t5_os/bk_idk/components/bk_libs/bk7258/libs/libbk_phy.a
232,164,68,0,1,233,`e9,mac_phy_bypass.c.obj (ex /home/noah/Documents/tuya/Projects/T5_TuyaOS-3.12.16/software/TuyaOS/vendor/T5/t5_os/bk_idk/components/bk_libs/bk7258/libs/libbk_phy.a),/home/noah/Documents/tuya/Projects/T5_TuyaOS-3.12.16/software/TuyaOS/vendor/T5/t5_os/bk_idk/components/bk_libs/bk7258/libs/libbk_phy.a
2040,1720,320,0,68,2108,`83c,rx_sensitivity.c.obj (ex /home/noah/Documents/tuya/Projects/T5_TuyaOS-3.12.16/software/TuyaOS/vendor/T5/t5_os/bk_idk/components/bk_libs/bk7258/libs/libbk_phy.a),/home/noah/Documents/tuya/Projects/T5_TuyaOS-3.12.16/software/TuyaOS/vendor/T5/t5_os/bk_idk/components/bk_libs/bk7258/libs/libbk_phy.a
336,336,0,0,24,360,`168,bk_phy_if.c.obj (ex /home/noah/Documents/tuya/Projects/T5_TuyaOS-3.12.16/software/TuyaOS/vendor/T5/t5_os/bk_idk/components/bk_libs/bk7258/libs/libbk_phy.a),/home/noah/Documents/tuya/Projects/T5_TuyaOS-3.12.16/software/TuyaOS/vendor/T5/t5_os/bk_idk/components/bk_libs/bk7258/libs/libbk_phy.a
72,72,0,0,1,73,`49,bk7011_cal.c.obj (ex /home/noah/Documents/tuya/Projects/T5_TuyaOS-3.12.16/software/TuyaOS/vendor/T5/t5_os/bk_idk/components/bk_libs/bk7258/libs/libbk_phy.a),/home/noah/Documents/tuya/Projects/T5_TuyaOS-3.12.16/software/TuyaOS/vendor/T5/t5_os/bk_idk/components/bk_libs/bk7258/libs/libbk_phy.a
168,168,0,0,0,168,`a8,rc_driver.c.obj (ex /home/noah/Documents/tuya/Projects/T5_TuyaOS-3.12.16/software/TuyaOS/vendor/T5/t5_os/bk_idk/components/bk_libs/bk7258/libs/libbk_phy.a),/home/noah/Documents/tuya/Projects/T5_TuyaOS-3.12.16/software/TuyaOS/vendor/T5/t5_os/bk_idk/components/bk_libs/bk7258/libs/libbk_phy.a
902,902,0,0,0,902,`386,bk_cal_common.c.obj (ex /home/noah/Documents/tuya/Projects/T5_TuyaOS-3.12.16/software/TuyaOS/vendor/T5/t5_os/bk_idk/components/bk_libs/bk7258/libs/libbk_phy.a),/home/noah/Documents/tuya/Projects/T5_TuyaOS-3.12.16/software/TuyaOS/vendor/T5/t5_os/bk_idk/components/bk_libs/bk7258/libs/libbk_phy.a
63113,48888,14225,105,1111,64329,`fb49,/home/noah/Documents/tuya/Projects/T5_TuyaOS-3.12.16/software/TuyaOS/vendor/T5/t5_os/bk_idk/components/bk_libs/bk7258/libs/libbk_phy.a,/home/noah/Documents/tuya/Projects/T5_TuyaOS-3.12.16/software/TuyaOS/vendor/T5/t5_os/bk_idk/components/bk_libs/bk7258/libs/libbk_phy.a
1285,1242,43,0,0,1285,`505,bitstream.c.obj (ex /home/noah/Documents/tuya/Projects/T5_TuyaOS-3.12.16/software/TuyaOS/vendor/T5/t5_os/components/avdk_libs/bk7258/libs/libhelix.a),/home/noah/Documents/tuya/Projects/T5_TuyaOS-3.12.16/software/TuyaOS/vendor/T5/t5_os/components/avdk_libs/bk7258/libs/libhelix.a
1467,1064,403,0,0,1467,`5bb,dqchan.c.obj (ex /home/noah/Documents/tuya/Projects/T5_TuyaOS-3.12.16/software/TuyaOS/vendor/T5/t5_os/components/avdk_libs/bk7258/libs/libhelix.a),/home/noah/Documents/tuya/Projects/T5_TuyaOS-3.12.16/software/TuyaOS/vendor/T5/t5_os/components/avdk_libs/bk7258/libs/libhelix.a
1822,1780,42,0,0,1822,`71e,huffman.c.obj (ex /home/noah/Documents/tuya/Projects/T5_TuyaOS-3.12.16/software/TuyaOS/vendor/T5/t5_os/components/avdk_libs/bk7258/libs/libhelix.a),/home/noah/Documents/tuya/Projects/T5_TuyaOS-3.12.16/software/TuyaOS/vendor/T5/t5_os/components/avdk_libs/bk7258/libs/libhelix.a
3150,3028,122,0,0,3150,`c4e,imdct.c.obj (ex /home/noah/Documents/tuya/Projects/T5_TuyaOS-3.12.16/software/TuyaOS/vendor/T5/t5_os/components/avdk_libs/bk7258/libs/libhelix.a),/home/noah/Documents/tuya/Projects/T5_TuyaOS-3.12.16/software/TuyaOS/vendor/T5/t5_os/components/avdk_libs/bk7258/libs/libhelix.a
1272,0,1272,0,0,1272,`4f8,mp3tabs.c.obj (ex /home/noah/Documents/tuya/Projects/T5_TuyaOS-3.12.16/software/TuyaOS/vendor/T5/t5_os/components/avdk_libs/bk7258/libs/libhelix.a),/home/noah/Documents/tuya/Projects/T5_TuyaOS-3.12.16/software/TuyaOS/vendor/T5/t5_os/components/avdk_libs/bk7258/libs/libhelix.a
1600,1568,32,0,0,1600,`640,scalfact.c.obj (ex /home/noah/Documents/tuya/Projects/T5_TuyaOS-3.12.16/software/TuyaOS/vendor/T5/t5_os/components/avdk_libs/bk7258/libs/libhelix.a),/home/noah/Documents/tuya/Projects/T5_TuyaOS-3.12.16/software/TuyaOS/vendor/T5/t5_os/components/avdk_libs/bk7258/libs/libhelix.a
2024,0,2024,0,0,2024,`7e8,trigtabs.c.obj (ex /home/noah/Documents/tuya/Projects/T5_TuyaOS-3.12.16/software/TuyaOS/vendor/T5/t5_os/components/avdk_libs/bk7258/libs/libhelix.a),/home/noah/Documents/tuya/Projects/T5_TuyaOS-3.12.16/software/TuyaOS/vendor/T5/t5_os/components/avdk_libs/bk7258/libs/libhelix.a
8964,0,8964,0,0,8964,`2304,hufftabs.c.obj (ex /home/noah/Documents/tuya/Projects/T5_TuyaOS-3.12.16/software/TuyaOS/vendor/T5/t5_os/components/avdk_libs/bk7258/libs/libhelix.a),/home/noah/Documents/tuya/Projects/T5_TuyaOS-3.12.16/software/TuyaOS/vendor/T5/t5_os/components/avdk_libs/bk7258/libs/libhelix.a
1000,1000,0,0,0,1000,`3e8,mp3dec.c.obj (ex /home/noah/Documents/tuya/Projects/T5_TuyaOS-3.12.16/software/TuyaOS/vendor/T5/t5_os/components/avdk_libs/bk7258/libs/libhelix.a),/home/noah/Documents/tuya/Projects/T5_TuyaOS-3.12.16/software/TuyaOS/vendor/T5/t5_os/components/avdk_libs/bk7258/libs/libhelix.a
248,248,0,0,0,248,`f8,subband.c.obj (ex /home/noah/Documents/tuya/Projects/T5_TuyaOS-3.12.16/software/TuyaOS/vendor/T5/t5_os/components/avdk_libs/bk7258/libs/libhelix.a),/home/noah/Documents/tuya/Projects/T5_TuyaOS-3.12.16/software/TuyaOS/vendor/T5/t5_os/components/avdk_libs/bk7258/libs/libhelix.a
776,776,0,0,24,800,`320,buffers.c.obj (ex /home/noah/Documents/tuya/Projects/T5_TuyaOS-3.12.16/software/TuyaOS/vendor/T5/t5_os/components/avdk_libs/bk7258/libs/libhelix.a),/home/noah/Documents/tuya/Projects/T5_TuyaOS-3.12.16/software/TuyaOS/vendor/T5/t5_os/components/avdk_libs/bk7258/libs/libhelix.a
1588,1588,0,0,0,1588,`634,dct32.c.obj (ex /home/noah/Documents/tuya/Projects/T5_TuyaOS-3.12.16/software/TuyaOS/vendor/T5/t5_os/components/avdk_libs/bk7258/libs/libhelix.a),/home/noah/Documents/tuya/Projects/T5_TuyaOS-3.12.16/software/TuyaOS/vendor/T5/t5_os/components/avdk_libs/bk7258/libs/libhelix.a
572,572,0,0,0,572,`23c,dequant.c.obj (ex /home/noah/Documents/tuya/Projects/T5_TuyaOS-3.12.16/software/TuyaOS/vendor/T5/t5_os/components/avdk_libs/bk7258/libs/libhelix.a),/home/noah/Documents/tuya/Projects/T5_TuyaOS-3.12.16/software/TuyaOS/vendor/T5/t5_os/components/avdk_libs/bk7258/libs/libhelix.a
2250,2250,0,0,0,2250,`8ca,polyphase.c.obj (ex /home/noah/Documents/tuya/Projects/T5_TuyaOS-3.12.16/software/TuyaOS/vendor/T5/t5_os/components/avdk_libs/bk7258/libs/libhelix.a),/home/noah/Documents/tuya/Projects/T5_TuyaOS-3.12.16/software/TuyaOS/vendor/T5/t5_os/components/avdk_libs/bk7258/libs/libhelix.a
1358,1358,0,0,0,1358,`54e,stproc.c.obj (ex /home/noah/Documents/tuya/Projects/T5_TuyaOS-3.12.16/software/TuyaOS/vendor/T5/t5_os/components/avdk_libs/bk7258/libs/libhelix.a),/home/noah/Documents/tuya/Projects/T5_TuyaOS-3.12.16/software/TuyaOS/vendor/T5/t5_os/components/avdk_libs/bk7258/libs/libhelix.a
29376,16474,12902,0,24,29400,`72d8,/home/noah/Documents/tuya/Projects/T5_TuyaOS-3.12.16/software/TuyaOS/vendor/T5/t5_os/components/avdk_libs/bk7258/libs/libhelix.a,/home/noah/Documents/tuya/Projects/T5_TuyaOS-3.12.16/software/TuyaOS/vendor/T5/t5_os/components/avdk_libs/bk7258/libs/libhelix.a
930,848,82,20,36,986,`3da,vad.c.obj (ex /home/noah/Documents/tuya/Projects/T5_TuyaOS-3.12.16/software/TuyaOS/vendor/T5/tuyaos/tuyaos_adapter/include/vad/lib/libvad.a),/home/noah/Documents/tuya/Projects/T5_TuyaOS-3.12.16/software/TuyaOS/vendor/T5/tuyaos/tuyaos_adapter/include/vad/lib/libvad.a
643,542,101,0,0,643,`283,wb_vad.c.obj (ex /home/noah/Documents/tuya/Projects/T5_TuyaOS-3.12.16/software/TuyaOS/vendor/T5/tuyaos/tuyaos_adapter/include/vad/lib/libvad.a),/home/noah/Documents/tuya/Projects/T5_TuyaOS-3.12.16/software/TuyaOS/vendor/T5/tuyaos/tuyaos_adapter/include/vad/lib/libvad.a
1573,1390,183,20,36,1629,`65d,/home/noah/Documents/tuya/Projects/T5_TuyaOS-3.12.16/software/TuyaOS/vendor/T5/tuyaos/tuyaos_adapter/include/vad/lib/libvad.a,/home/noah/Documents/tuya/Projects/T5_TuyaOS-3.12.16/software/TuyaOS/vendor/T5/tuyaos/tuyaos_adapter/include/vad/lib/libvad.a
2478,2056,422,388,0,2866,`b32,bluetooth.c.obj (ex armino/bk_bluetooth/libbk_bluetooth.a),armino/bk_bluetooth/libbk_bluetooth.a
560,304,256,0,5,565,`235,bt_main.c.obj (ex armino/bk_bluetooth/libbk_bluetooth.a),armino/bk_bluetooth/libbk_bluetooth.a
32,28,4,0,0,32,`20,bt_feature_config.c.obj (ex armino/bk_bluetooth/libbk_bluetooth.a),armino/bk_bluetooth/libbk_bluetooth.a
3070,2388,682,388,5,3463,`d87,armino/bk_bluetooth/libbk_bluetooth.a,armino/bk_bluetooth/libbk_bluetooth.a
20544,200,20344,0,0,20544,`5040,conv_utf8.c.obj (ex armino/utf8/libutf8.a),armino/utf8/libutf8.a
20544,200,20344,0,0,20544,`5040,armino/utf8/libutf8.a,armino/utf8/libutf8.a
2496,1586,910,0,4,2500,`9c4,media_ipc.c.obj (ex armino/media_utils/libmedia_utils.a),armino/media_utils/libmedia_utils.a
574,412,162,0,0,574,`23e,media_utils.c.obj (ex armino/media_utils/libmedia_utils.a),armino/media_utils/libmedia_utils.a
3070,1998,1072,0,4,3074,`c02,armino/media_utils/libmedia_utils.a,armino/media_utils/libmedia_utils.a
4349,4174,175,1,0,4350,`10fe,sys_hal.c.obj (ex armino/bk7258/libbk7258.a),armino/bk7258/libbk7258.a
518,422,96,0,0,518,`206,aon_pmu_hal.c.obj (ex armino/bk7258/libbk7258.a),armino/bk7258/libbk7258.a
32,32,0,85,0,117,`75,mpu_cfg.c.obj (ex armino/bk7258/libbk7258.a),armino/bk7258/libbk7258.a
1868,1868,0,0,0,1868,`74c,interrupts.c.obj (ex armino/bk7258/libbk7258.a),armino/bk7258/libbk7258.a
160,160,0,0,0,160,`a0,timer_hal.c.obj (ex armino/bk7258/libbk7258.a),armino/bk7258/libbk7258.a
3084,3084,0,0,0,3084,`c0c,sys_pm_hal.c.obj (ex armino/bk7258/libbk7258.a),armino/bk7258/libbk7258.a
10011,9740,271,86,0,10097,`2771,armino/bk7258/libbk7258.a,armino/bk7258/libbk7258.a
3381,2024,1357,0,4,3385,`d39,gpio_hal.c.obj (ex armino/common/libcommon.a),armino/common/libcommon.a
528,490,38,0,0,528,`210,dma_hal.c.obj (ex armino/common/libcommon.a),armino/common/libcommon.a
216,212,4,0,0,216,`d8,wdt_hal.c.obj (ex armino/common/libcommon.a),armino/common/libcommon.a
876,814,62,0,0,876,`36c,spi_hal.c.obj (ex armino/common/libcommon.a),armino/common/libcommon.a
1186,1090,96,0,0,1186,`4a2,mbox0_hal.c.obj (ex armino/common/libcommon.a),armino/common/libcommon.a
1115,1076,39,0,4,1119,`45f,qspi_hal.c.obj (ex armino/common/libcommon.a),armino/common/libcommon.a
125,100,25,0,0,125,`7d,otp_hal.c.obj (ex armino/common/libcommon.a),armino/common/libcommon.a
696,696,0,0,0,696,`2b8,timer_hal.c.obj (ex armino/common/libcommon.a),armino/common/libcommon.a
56,56,0,0,0,56,`38,i2c_hal.c.obj (ex armino/common/libcommon.a),armino/common/libcommon.a
354,354,0,0,0,354,`162,uart_hal.c.obj (ex armino/common/libcommon.a),armino/common/libcommon.a
356,356,0,0,0,356,`164,adc_hal.c.obj (ex armino/common/libcommon.a),armino/common/libcommon.a
2290,2290,0,0,0,2290,`8f2,pwm_hal_v1px.c.obj (ex armino/common/libcommon.a),armino/common/libcommon.a
202,202,0,0,0,202,`ca,flash_hal.c.obj (ex armino/common/libcommon.a),armino/common/libcommon.a
60,60,0,0,0,60,`3c,efuse_hal.c.obj (ex armino/common/libcommon.a),armino/common/libcommon.a
80,80,0,0,0,80,`50,trng_hal.c.obj (ex armino/common/libcommon.a),armino/common/libcommon.a
922,922,0,0,0,922,`39a,psram_hal.c.obj (ex armino/common/libcommon.a),armino/common/libcommon.a
280,280,0,0,0,280,`118,aon_rtc_hal_64bit.c.obj (ex armino/common/libcommon.a),armino/common/libcommon.a
162,162,0,0,0,162,`a2,sdio_host_hal.c.obj (ex armino/common/libcommon.a),armino/common/libcommon.a
208,208,0,0,0,208,`d0,ckmn_hal.c.obj (ex armino/common/libcommon.a),armino/common/libcommon.a
24,24,0,0,0,24,`18,aud_hal.c.obj (ex armino/common/libcommon.a),armino/common/libcommon.a
13117,11496,1621,0,8,13125,`3345,armino/common/libcommon.a,armino/common/libcommon.a
6683,5214,1469,892,167,7742,`1e3e,pm.c.obj (ex armino/bk_pm/libbk_pm.a),armino/bk_pm/libbk_pm.a
182,148,34,0,8,190,`be,low_vol.c.obj (ex armino/bk_pm/libbk_pm.a),armino/bk_pm/libbk_pm.a
74,36,38,0,0,74,`4a,pm_misc.c.obj (ex armino/bk_pm/libbk_pm.a),armino/bk_pm/libbk_pm.a
6939,5398,1541,892,175,8006,`1f46,armino/bk_pm/libbk_pm.a,armino/bk_pm/libbk_pm.a
17728,15120,2608,0,0,17728,`4540,lfs.c.obj (ex armino/littlefs/liblittlefs.a),armino/littlefs/liblittlefs.a
1398,896,502,0,0,1398,`576,lfs_flashbd.c.obj (ex armino/littlefs/liblittlefs.a),armino/littlefs/liblittlefs.a
64,0,64,0,0,64,`40,lfs_util.c.obj (ex armino/littlefs/liblittlefs.a),armino/littlefs/liblittlefs.a
19190,16016,3174,0,0,19190,`4af6,armino/littlefs/liblittlefs.a,armino/littlefs/liblittlefs.a
644,446,198,0,8,652,`28c,system_main.c.obj (ex armino/bk_startup/libbk_startup.a),armino/bk_startup/libbk_startup.a
10,10,0,0,0,10,`a,rtos_init.c.obj (ex armino/bk_startup/libbk_startup.a),armino/bk_startup/libbk_startup.a
654,456,198,0,8,662,`296,armino/bk_startup/libbk_startup.a,armino/bk_startup/libbk_startup.a
472,424,48,0,0,472,`1d8,lib_a-e_atan2.o (ex /home/noah/Documents/tuya/Projects/T5_TuyaOS-3.12.16/software/TuyaOS/vendor/T5/toolchain/gcc-arm-none-eabi-10.3-2021.10/bin/../lib/gcc/arm-none-eabi/10.3.1/../../../../arm-none-eabi/lib/thumb/v8-m.main+fp/hard/libm.a),/home/noah/Documents/tuya/Projects/T5_TuyaOS-3.12.16/software/TuyaOS/vendor/T5/toolchain/gcc-arm-none-eabi-10.3-2021.10/bin/../lib/gcc/arm-none-eabi/10.3.1/../../../../arm-none-eabi/lib/thumb/v8-m.main+fp/hard/libm.a
1492,1100,392,0,0,1492,`5d4,lib_a-e_rem_pio2.o (ex /home/noah/Documents/tuya/Projects/T5_TuyaOS-3.12.16/software/TuyaOS/vendor/T5/toolchain/gcc-arm-none-eabi-10.3-2021.10/bin/../lib/gcc/arm-none-eabi/10.3.1/../../../../arm-none-eabi/lib/thumb/v8-m.main+fp/hard/libm.a),/home/noah/Documents/tuya/Projects/T5_TuyaOS-3.12.16/software/TuyaOS/vendor/T5/toolchain/gcc-arm-none-eabi-10.3-2021.10/bin/../lib/gcc/arm-none-eabi/10.3.1/../../../../arm-none-eabi/lib/thumb/v8-m.main+fp/hard/libm.a
2132,2116,16,0,0,2132,`854,lib_a-k_rem_pio2.o (ex /home/noah/Documents/tuya/Projects/T5_TuyaOS-3.12.16/software/TuyaOS/vendor/T5/toolchain/gcc-arm-none-eabi-10.3-2021.10/bin/../lib/gcc/arm-none-eabi/10.3.1/../../../../arm-none-eabi/lib/thumb/v8-m.main+fp/hard/libm.a),/home/noah/Documents/tuya/Projects/T5_TuyaOS-3.12.16/software/TuyaOS/vendor/T5/toolchain/gcc-arm-none-eabi-10.3-2021.10/bin/../lib/gcc/arm-none-eabi/10.3.1/../../../../arm-none-eabi/lib/thumb/v8-m.main+fp/hard/libm.a
1,0,1,0,0,1,`1,lib_a-w_log10.o (ex /home/noah/Documents/tuya/Projects/T5_TuyaOS-3.12.16/software/TuyaOS/vendor/T5/toolchain/gcc-arm-none-eabi-10.3-2021.10/bin/../lib/gcc/arm-none-eabi/10.3.1/../../../../arm-none-eabi/lib/thumb/v8-m.main+fp/hard/libm.a),/home/noah/Documents/tuya/Projects/T5_TuyaOS-3.12.16/software/TuyaOS/vendor/T5/toolchain/gcc-arm-none-eabi-10.3-2021.10/bin/../lib/gcc/arm-none-eabi/10.3.1/../../../../arm-none-eabi/lib/thumb/v8-m.main+fp/hard/libm.a
388,388,0,0,0,388,`184,lib_a-e_sqrt.o (ex /home/noah/Documents/tuya/Projects/T5_TuyaOS-3.12.16/software/TuyaOS/vendor/T5/toolchain/gcc-arm-none-eabi-10.3-2021.10/bin/../lib/gcc/arm-none-eabi/10.3.1/../../../../arm-none-eabi/lib/thumb/v8-m.main+fp/hard/libm.a),/home/noah/Documents/tuya/Projects/T5_TuyaOS-3.12.16/software/TuyaOS/vendor/T5/toolchain/gcc-arm-none-eabi-10.3-2021.10/bin/../lib/gcc/arm-none-eabi/10.3.1/../../../../arm-none-eabi/lib/thumb/v8-m.main+fp/hard/libm.a
636,636,0,0,0,636,`27c,lib_a-k_cos.o (ex /home/noah/Documents/tuya/Projects/T5_TuyaOS-3.12.16/software/TuyaOS/vendor/T5/toolchain/gcc-arm-none-eabi-10.3-2021.10/bin/../lib/gcc/arm-none-eabi/10.3.1/../../../../arm-none-eabi/lib/thumb/v8-m.main+fp/hard/libm.a),/home/noah/Documents/tuya/Projects/T5_TuyaOS-3.12.16/software/TuyaOS/vendor/T5/toolchain/gcc-arm-none-eabi-10.3-2021.10/bin/../lib/gcc/arm-none-eabi/10.3.1/../../../../arm-none-eabi/lib/thumb/v8-m.main+fp/hard/libm.a
396,396,0,0,0,396,`18c,lib_a-k_sin.o (ex /home/noah/Documents/tuya/Projects/T5_TuyaOS-3.12.16/software/TuyaOS/vendor/T5/toolchain/gcc-arm-none-eabi-10.3-2021.10/bin/../lib/gcc/arm-none-eabi/10.3.1/../../../../arm-none-eabi/lib/thumb/v8-m.main+fp/hard/libm.a),/home/noah/Documents/tuya/Projects/T5_TuyaOS-3.12.16/software/TuyaOS/vendor/T5/toolchain/gcc-arm-none-eabi-10.3-2021.10/bin/../lib/gcc/arm-none-eabi/10.3.1/../../../../arm-none-eabi/lib/thumb/v8-m.main+fp/hard/libm.a
300,300,0,0,0,300,`12c,lib_a-e_log10.o (ex /home/noah/Documents/tuya/Projects/T5_TuyaOS-3.12.16/software/TuyaOS/vendor/T5/toolchain/gcc-arm-none-eabi-10.3-2021.10/bin/../lib/gcc/arm-none-eabi/10.3.1/../../../../arm-none-eabi/lib/thumb/v8-m.main+fp/hard/libm.a),/home/noah/Documents/tuya/Projects/T5_TuyaOS-3.12.16/software/TuyaOS/vendor/T5/toolchain/gcc-arm-none-eabi-10.3-2021.10/bin/../lib/gcc/arm-none-eabi/10.3.1/../../../../arm-none-eabi/lib/thumb/v8-m.main+fp/hard/libm.a
1072,1072,0,0,0,1072,`430,lib_a-e_log.o (ex /home/noah/Documents/tuya/Projects/T5_TuyaOS-3.12.16/software/TuyaOS/vendor/T5/toolchain/gcc-arm-none-eabi-10.3-2021.10/bin/../lib/gcc/arm-none-eabi/10.3.1/../../../../arm-none-eabi/lib/thumb/v8-m.main+fp/hard/libm.a),/home/noah/Documents/tuya/Projects/T5_TuyaOS-3.12.16/software/TuyaOS/vendor/T5/toolchain/gcc-arm-none-eabi-10.3-2021.10/bin/../lib/gcc/arm-none-eabi/10.3.1/../../../../arm-none-eabi/lib/thumb/v8-m.main+fp/hard/libm.a
6889,6432,457,0,0,6889,`1ae9,/home/noah/Documents/tuya/Projects/T5_TuyaOS-3.12.16/software/TuyaOS/vendor/T5/toolchain/gcc-arm-none-eabi-10.3-2021.10/bin/../lib/gcc/arm-none-eabi/10.3.1/../../../../arm-none-eabi/lib/thumb/v8-m.main+fp/hard/libm.a,/home/noah/Documents/tuya/Projects/T5_TuyaOS-3.12.16/software/TuyaOS/vendor/T5/toolchain/gcc-arm-none-eabi-10.3-2021.10/bin/../lib/gcc/arm-none-eabi/10.3.1/../../../../arm-none-eabi/lib/thumb/v8-m.main+fp/hard/libm.a
823,800,23,0,0,823,`337,command_line.c.obj (ex armino/uart_debug/libuart_debug.a),armino/uart_debug/libuart_debug.a
823,800,23,0,0,823,`337,armino/uart_debug/libuart_debug.a,armino/uart_debug/libuart_debug.a
257,0,257,0,0,257,`101,lib_a-ctype_.o (ex /home/noah/Documents/tuya/Projects/T5_TuyaOS-3.12.16/software/TuyaOS/vendor/T5/toolchain/gcc-arm-none-eabi-10.3-2021.10/bin/../lib/gcc/arm-none-eabi/10.3.1/../../../../arm-none-eabi/lib/thumb/v8-m.main+fp/hard/libc.a),/home/noah/Documents/tuya/Projects/T5_TuyaOS-3.12.16/software/TuyaOS/vendor/T5/toolchain/gcc-arm-none-eabi-10.3-2021.10/bin/../lib/gcc/arm-none-eabi/10.3.1/../../../../arm-none-eabi/lib/thumb/v8-m.main+fp/hard/libc.a
3977,3900,77,0,0,3977,`f89,lib_a-strtod.o (ex /home/noah/Documents/tuya/Projects/T5_TuyaOS-3.12.16/software/TuyaOS/vendor/T5/toolchain/gcc-arm-none-eabi-10.3-2021.10/bin/../lib/gcc/arm-none-eabi/10.3.1/../../../../arm-none-eabi/lib/thumb/v8-m.main+fp/hard/libc.a),/home/noah/Documents/tuya/Projects/T5_TuyaOS-3.12.16/software/TuyaOS/vendor/T5/toolchain/gcc-arm-none-eabi-10.3-2021.10/bin/../lib/gcc/arm-none-eabi/10.3.1/../../../../arm-none-eabi/lib/thumb/v8-m.main+fp/hard/libc.a
5995,5956,39,0,0,5995,`176b,lib_a-svfscanf.o (ex /home/noah/Documents/tuya/Projects/T5_TuyaOS-3.12.16/software/TuyaOS/vendor/T5/toolchain/gcc-arm-none-eabi-10.3-2021.10/bin/../lib/gcc/arm-none-eabi/10.3.1/../../../../arm-none-eabi/lib/thumb/v8-m.main+fp/hard/libc.a),/home/noah/Documents/tuya/Projects/T5_TuyaOS-3.12.16/software/TuyaOS/vendor/T5/toolchain/gcc-arm-none-eabi-10.3-2021.10/bin/../lib/gcc/arm-none-eabi/10.3.1/../../../../arm-none-eabi/lib/thumb/v8-m.main+fp/hard/libc.a
410,0,410,0,0,410,`19a,lib_a-gdtoa-gethex.o (ex /home/noah/Documents/tuya/Projects/T5_TuyaOS-3.12.16/software/TuyaOS/vendor/T5/toolchain/gcc-arm-none-eabi-10.3-2021.10/bin/../lib/gcc/arm-none-eabi/10.3.1/../../../../arm-none-eabi/lib/thumb/v8-m.main+fp/hard/libc.a),/home/noah/Documents/tuya/Projects/T5_TuyaOS-3.12.16/software/TuyaOS/vendor/T5/toolchain/gcc-arm-none-eabi-10.3-2021.10/bin/../lib/gcc/arm-none-eabi/10.3.1/../../../../arm-none-eabi/lib/thumb/v8-m.main+fp/hard/libc.a
27,12,15,364,0,391,`187,lib_a-locale.o (ex /home/noah/Documents/tuya/Projects/T5_TuyaOS-3.12.16/software/TuyaOS/vendor/T5/toolchain/gcc-arm-none-eabi-10.3-2021.10/bin/../lib/gcc/arm-none-eabi/10.3.1/../../../../arm-none-eabi/lib/thumb/v8-m.main+fp/hard/libc.a),/home/noah/Documents/tuya/Projects/T5_TuyaOS-3.12.16/software/TuyaOS/vendor/T5/toolchain/gcc-arm-none-eabi-10.3-2021.10/bin/../lib/gcc/arm-none-eabi/10.3.1/../../../../arm-none-eabi/lib/thumb/v8-m.main+fp/hard/libc.a
12,0,12,2,0,14,`e,lib_a-lnumeric.o (ex /home/noah/Documents/tuya/Projects/T5_TuyaOS-3.12.16/software/TuyaOS/vendor/T5/toolchain/gcc-arm-none-eabi-10.3-2021.10/bin/../lib/gcc/arm-none-eabi/10.3.1/../../../../arm-none-eabi/lib/thumb/v8-m.main+fp/hard/libc.a),/home/noah/Documents/tuya/Projects/T5_TuyaOS-3.12.16/software/TuyaOS/vendor/T5/toolchain/gcc-arm-none-eabi-10.3-2021.10/bin/../lib/gcc/arm-none-eabi/10.3.1/../../../../arm-none-eabi/lib/thumb/v8-m.main+fp/hard/libc.a
69,68,1,0,0,69,`45,lib_a-mbrtowc.o (ex /home/noah/Documents/tuya/Projects/T5_TuyaOS-3.12.16/software/TuyaOS/vendor/T5/toolchain/gcc-arm-none-eabi-10.3-2021.10/bin/../lib/gcc/arm-none-eabi/10.3.1/../../../../arm-none-eabi/lib/thumb/v8-m.main+fp/hard/libc.a),/home/noah/Documents/tuya/Projects/T5_TuyaOS-3.12.16/software/TuyaOS/vendor/T5/toolchain/gcc-arm-none-eabi-10.3-2021.10/bin/../lib/gcc/arm-none-eabi/10.3.1/../../../../arm-none-eabi/lib/thumb/v8-m.main+fp/hard/libc.a
1355,968,387,0,0,1355,`54b,lib_a-mprec.o (ex /home/noah/Documents/tuya/Projects/T5_TuyaOS-3.12.16/software/TuyaOS/vendor/T5/toolchain/gcc-arm-none-eabi-10.3-2021.10/bin/../lib/gcc/arm-none-eabi/10.3.1/../../../../arm-none-eabi/lib/thumb/v8-m.main+fp/hard/libc.a),/home/noah/Documents/tuya/Projects/T5_TuyaOS-3.12.16/software/TuyaOS/vendor/T5/toolchain/gcc-arm-none-eabi-10.3-2021.10/bin/../lib/gcc/arm-none-eabi/10.3.1/../../../../arm-none-eabi/lib/thumb/v8-m.main+fp/hard/libc.a
6886,6788,98,0,0,6886,`1ae6,lib_a-svfprintf.o (ex /home/noah/Documents/tuya/Projects/T5_TuyaOS-3.12.16/software/TuyaOS/vendor/T5/toolchain/gcc-arm-none-eabi-10.3-2021.10/bin/../lib/gcc/arm-none-eabi/10.3.1/../../../../arm-none-eabi/lib/thumb/v8-m.main+fp/hard/libc.a),/home/noah/Documents/tuya/Projects/T5_TuyaOS-3.12.16/software/TuyaOS/vendor/T5/toolchain/gcc-arm-none-eabi-10.3-2021.10/bin/../lib/gcc/arm-none-eabi/10.3.1/../../../../arm-none-eabi/lib/thumb/v8-m.main+fp/hard/libc.a
166,0,166,0,0,166,`a6,lib_a-dtoa.o (ex /home/noah/Documents/tuya/Projects/T5_TuyaOS-3.12.16/software/TuyaOS/vendor/T5/toolchain/gcc-arm-none-eabi-10.3-2021.10/bin/../lib/gcc/arm-none-eabi/10.3.1/../../../../arm-none-eabi/lib/thumb/v8-m.main+fp/hard/libc.a),/home/noah/Documents/tuya/Projects/T5_TuyaOS-3.12.16/software/TuyaOS/vendor/T5/toolchain/gcc-arm-none-eabi-10.3-2021.10/bin/../lib/gcc/arm-none-eabi/10.3.1/../../../../arm-none-eabi/lib/thumb/v8-m.main+fp/hard/libc.a
236,236,0,0,0,236,`ec,lib_a-memcpy.o (ex /home/noah/Documents/tuya/Projects/T5_TuyaOS-3.12.16/software/TuyaOS/vendor/T5/toolchain/gcc-arm-none-eabi-10.3-2021.10/bin/../lib/gcc/arm-none-eabi/10.3.1/../../../../arm-none-eabi/lib/thumb/v8-m.main+fp/hard/libc.a),/home/noah/Documents/tuya/Projects/T5_TuyaOS-3.12.16/software/TuyaOS/vendor/T5/toolchain/gcc-arm-none-eabi-10.3-2021.10/bin/../lib/gcc/arm-none-eabi/10.3.1/../../../../arm-none-eabi/lib/thumb/v8-m.main+fp/hard/libc.a
444,444,0,0,0,444,`1bc,lib_a-strcmp.o (ex /home/noah/Documents/tuya/Projects/T5_TuyaOS-3.12.16/software/TuyaOS/vendor/T5/toolchain/gcc-arm-none-eabi-10.3-2021.10/bin/../lib/gcc/arm-none-eabi/10.3.1/../../../../arm-none-eabi/lib/thumb/v8-m.main+fp/hard/libc.a),/home/noah/Documents/tuya/Projects/T5_TuyaOS-3.12.16/software/TuyaOS/vendor/T5/toolchain/gcc-arm-none-eabi-10.3-2021.10/bin/../lib/gcc/arm-none-eabi/10.3.1/../../../../arm-none-eabi/lib/thumb/v8-m.main+fp/hard/libc.a
4,4,0,0,0,4,`4,lib_a-stdio.o (ex /home/noah/Documents/tuya/Projects/T5_TuyaOS-3.12.16/software/TuyaOS/vendor/T5/toolchain/gcc-arm-none-eabi-10.3-2021.10/bin/../lib/gcc/arm-none-eabi/10.3.1/../../../../arm-none-eabi/lib/thumb/v8-m.main+fp/hard/libc.a),/home/noah/Documents/tuya/Projects/T5_TuyaOS-3.12.16/software/TuyaOS/vendor/T5/toolchain/gcc-arm-none-eabi-10.3-2021.10/bin/../lib/gcc/arm-none-eabi/10.3.1/../../../../arm-none-eabi/lib/thumb/v8-m.main+fp/hard/libc.a
76,76,0,0,0,76,`4c,lib_a-strcasecmp.o (ex /home/noah/Documents/tuya/Projects/T5_TuyaOS-3.12.16/software/TuyaOS/vendor/T5/toolchain/gcc-arm-none-eabi-10.3-2021.10/bin/../lib/gcc/arm-none-eabi/10.3.1/../../../../arm-none-eabi/lib/thumb/v8-m.main+fp/hard/libc.a),/home/noah/Documents/tuya/Projects/T5_TuyaOS-3.12.16/software/TuyaOS/vendor/T5/toolchain/gcc-arm-none-eabi-10.3-2021.10/bin/../lib/gcc/arm-none-eabi/10.3.1/../../../../arm-none-eabi/lib/thumb/v8-m.main+fp/hard/libc.a
40,40,0,0,0,40,`28,lib_a-strdup_r.o (ex /home/noah/Documents/tuya/Projects/T5_TuyaOS-3.12.16/software/TuyaOS/vendor/T5/toolchain/gcc-arm-none-eabi-10.3-2021.10/bin/../lib/gcc/arm-none-eabi/10.3.1/../../../../arm-none-eabi/lib/thumb/v8-m.main+fp/hard/libc.a),/home/noah/Documents/tuya/Projects/T5_TuyaOS-3.12.16/software/TuyaOS/vendor/T5/toolchain/gcc-arm-none-eabi-10.3-2021.10/bin/../lib/gcc/arm-none-eabi/10.3.1/../../../../arm-none-eabi/lib/thumb/v8-m.main+fp/hard/libc.a
88,88,0,0,0,88,`58,lib_a-strncasecmp.o (ex /home/noah/Documents/tuya/Projects/T5_TuyaOS-3.12.16/software/TuyaOS/vendor/T5/toolchain/gcc-arm-none-eabi-10.3-2021.10/bin/../lib/gcc/arm-none-eabi/10.3.1/../../../../arm-none-eabi/lib/thumb/v8-m.main+fp/hard/libc.a),/home/noah/Documents/tuya/Projects/T5_TuyaOS-3.12.16/software/TuyaOS/vendor/T5/toolchain/gcc-arm-none-eabi-10.3-2021.10/bin/../lib/gcc/arm-none-eabi/10.3.1/../../../../arm-none-eabi/lib/thumb/v8-m.main+fp/hard/libc.a
704,704,0,0,0,704,`2c0,lib_a-strstr.o (ex /home/noah/Documents/tuya/Projects/T5_TuyaOS-3.12.16/software/TuyaOS/vendor/T5/toolchain/gcc-arm-none-eabi-10.3-2021.10/bin/../lib/gcc/arm-none-eabi/10.3.1/../../../../arm-none-eabi/lib/thumb/v8-m.main+fp/hard/libc.a),/home/noah/Documents/tuya/Projects/T5_TuyaOS-3.12.16/software/TuyaOS/vendor/T5/toolchain/gcc-arm-none-eabi-10.3-2021.10/bin/../lib/gcc/arm-none-eabi/10.3.1/../../../../arm-none-eabi/lib/thumb/v8-m.main+fp/hard/libc.a
104,104,0,0,0,104,`68,lib_a-strtok_r.o (ex /home/noah/Documents/tuya/Projects/T5_TuyaOS-3.12.16/software/TuyaOS/vendor/T5/toolchain/gcc-arm-none-eabi-10.3-2021.10/bin/../lib/gcc/arm-none-eabi/10.3.1/../../../../arm-none-eabi/lib/thumb/v8-m.main+fp/hard/libc.a),/home/noah/Documents/tuya/Projects/T5_TuyaOS-3.12.16/software/TuyaOS/vendor/T5/toolchain/gcc-arm-none-eabi-10.3-2021.10/bin/../lib/gcc/arm-none-eabi/10.3.1/../../../../arm-none-eabi/lib/thumb/v8-m.main+fp/hard/libc.a
288,288,0,0,0,288,`120,lib_a-strtol.o (ex /home/noah/Documents/tuya/Projects/T5_TuyaOS-3.12.16/software/TuyaOS/vendor/T5/toolchain/gcc-arm-none-eabi-10.3-2021.10/bin/../lib/gcc/arm-none-eabi/10.3.1/../../../../arm-none-eabi/lib/thumb/v8-m.main+fp/hard/libc.a),/home/noah/Documents/tuya/Projects/T5_TuyaOS-3.12.16/software/TuyaOS/vendor/T5/toolchain/gcc-arm-none-eabi-10.3-2021.10/bin/../lib/gcc/arm-none-eabi/10.3.1/../../../../arm-none-eabi/lib/thumb/v8-m.main+fp/hard/libc.a
352,352,0,0,0,352,`160,lib_a-strtoll.o (ex /home/noah/Documents/tuya/Projects/T5_TuyaOS-3.12.16/software/TuyaOS/vendor/T5/toolchain/gcc-arm-none-eabi-10.3-2021.10/bin/../lib/gcc/arm-none-eabi/10.3.1/../../../../arm-none-eabi/lib/thumb/v8-m.main+fp/hard/libc.a),/home/noah/Documents/tuya/Projects/T5_TuyaOS-3.12.16/software/TuyaOS/vendor/T5/toolchain/gcc-arm-none-eabi-10.3-2021.10/bin/../lib/gcc/arm-none-eabi/10.3.1/../../../../arm-none-eabi/lib/thumb/v8-m.main+fp/hard/libc.a
280,280,0,0,0,280,`118,lib_a-strtoul.o (ex /home/noah/Documents/tuya/Projects/T5_TuyaOS-3.12.16/software/TuyaOS/vendor/T5/toolchain/gcc-arm-none-eabi-10.3-2021.10/bin/../lib/gcc/arm-none-eabi/10.3.1/../../../../arm-none-eabi/lib/thumb/v8-m.main+fp/hard/libc.a),/home/noah/Documents/tuya/Projects/T5_TuyaOS-3.12.16/software/TuyaOS/vendor/T5/toolchain/gcc-arm-none-eabi-10.3-2021.10/bin/../lib/gcc/arm-none-eabi/10.3.1/../../../../arm-none-eabi/lib/thumb/v8-m.main+fp/hard/libc.a
24,24,0,0,0,24,`18,lib_a-iswspace_l.o (ex /home/noah/Documents/tuya/Projects/T5_TuyaOS-3.12.16/software/TuyaOS/vendor/T5/toolchain/gcc-arm-none-eabi-10.3-2021.10/bin/../lib/gcc/arm-none-eabi/10.3.1/../../../../arm-none-eabi/lib/thumb/v8-m.main+fp/hard/libc.a),/home/noah/Documents/tuya/Projects/T5_TuyaOS-3.12.16/software/TuyaOS/vendor/T5/toolchain/gcc-arm-none-eabi-10.3-2021.10/bin/../lib/gcc/arm-none-eabi/10.3.1/../../../../arm-none-eabi/lib/thumb/v8-m.main+fp/hard/libc.a
8,8,0,0,0,8,`8,lib_a-localeconv.o (ex /home/noah/Documents/tuya/Projects/T5_TuyaOS-3.12.16/software/TuyaOS/vendor/T5/toolchain/gcc-arm-none-eabi-10.3-2021.10/bin/../lib/gcc/arm-none-eabi/10.3.1/../../../../arm-none-eabi/lib/thumb/v8-m.main+fp/hard/libc.a),/home/noah/Documents/tuya/Projects/T5_TuyaOS-3.12.16/software/TuyaOS/vendor/T5/toolchain/gcc-arm-none-eabi-10.3-2021.10/bin/../lib/gcc/arm-none-eabi/10.3.1/../../../../arm-none-eabi/lib/thumb/v8-m.main+fp/hard/libc.a
44,44,0,0,0,44,`2c,lib_a-mbtowc_r.o (ex /home/noah/Documents/tuya/Projects/T5_TuyaOS-3.12.16/software/TuyaOS/vendor/T5/toolchain/gcc-arm-none-eabi-10.3-2021.10/bin/../lib/gcc/arm-none-eabi/10.3.1/../../../../arm-none-eabi/lib/thumb/v8-m.main+fp/hard/libc.a),/home/noah/Documents/tuya/Projects/T5_TuyaOS-3.12.16/software/TuyaOS/vendor/T5/toolchain/gcc-arm-none-eabi-10.3-2021.10/bin/../lib/gcc/arm-none-eabi/10.3.1/../../../../arm-none-eabi/lib/thumb/v8-m.main+fp/hard/libc.a
380,380,0,0,0,380,`17c,lib_a-strtoull.o (ex /home/noah/Documents/tuya/Projects/T5_TuyaOS-3.12.16/software/TuyaOS/vendor/T5/toolchain/gcc-arm-none-eabi-10.3-2021.10/bin/../lib/gcc/arm-none-eabi/10.3.1/../../../../arm-none-eabi/lib/thumb/v8-m.main+fp/hard/libc.a),/home/noah/Documents/tuya/Projects/T5_TuyaOS-3.12.16/software/TuyaOS/vendor/T5/toolchain/gcc-arm-none-eabi-10.3-2021.10/bin/../lib/gcc/arm-none-eabi/10.3.1/../../../../arm-none-eabi/lib/thumb/v8-m.main+fp/hard/libc.a
372,372,0,0,0,372,`174,lib_a-svfiscanf.o (ex /home/noah/Documents/tuya/Projects/T5_TuyaOS-3.12.16/software/TuyaOS/vendor/T5/toolchain/gcc-arm-none-eabi-10.3-2021.10/bin/../lib/gcc/arm-none-eabi/10.3.1/../../../../arm-none-eabi/lib/thumb/v8-m.main+fp/hard/libc.a),/home/noah/Documents/tuya/Projects/T5_TuyaOS-3.12.16/software/TuyaOS/vendor/T5/toolchain/gcc-arm-none-eabi-10.3-2021.10/bin/../lib/gcc/arm-none-eabi/10.3.1/../../../../arm-none-eabi/lib/thumb/v8-m.main+fp/hard/libc.a
120,120,0,0,0,120,`78,lib_a-ungetc.o (ex /home/noah/Documents/tuya/Projects/T5_TuyaOS-3.12.16/software/TuyaOS/vendor/T5/toolchain/gcc-arm-none-eabi-10.3-2021.10/bin/../lib/gcc/arm-none-eabi/10.3.1/../../../../arm-none-eabi/lib/thumb/v8-m.main+fp/hard/libc.a),/home/noah/Documents/tuya/Projects/T5_TuyaOS-3.12.16/software/TuyaOS/vendor/T5/toolchain/gcc-arm-none-eabi-10.3-2021.10/bin/../lib/gcc/arm-none-eabi/10.3.1/../../../../arm-none-eabi/lib/thumb/v8-m.main+fp/hard/libc.a
28,28,0,0,0,28,`1c,lib_a-wctomb_r.o (ex /home/noah/Documents/tuya/Projects/T5_TuyaOS-3.12.16/software/TuyaOS/vendor/T5/toolchain/gcc-arm-none-eabi-10.3-2021.10/bin/../lib/gcc/arm-none-eabi/10.3.1/../../../../arm-none-eabi/lib/thumb/v8-m.main+fp/hard/libc.a),/home/noah/Documents/tuya/Projects/T5_TuyaOS-3.12.16/software/TuyaOS/vendor/T5/toolchain/gcc-arm-none-eabi-10.3-2021.10/bin/../lib/gcc/arm-none-eabi/10.3.1/../../../../arm-none-eabi/lib/thumb/v8-m.main+fp/hard/libc.a
108,108,0,0,0,108,`6c,lib_a-callocr.o (ex /home/noah/Documents/tuya/Projects/T5_TuyaOS-3.12.16/software/TuyaOS/vendor/T5/toolchain/gcc-arm-none-eabi-10.3-2021.10/bin/../lib/gcc/arm-none-eabi/10.3.1/../../../../arm-none-eabi/lib/thumb/v8-m.main+fp/hard/libc.a),/home/noah/Documents/tuya/Projects/T5_TuyaOS-3.12.16/software/TuyaOS/vendor/T5/toolchain/gcc-arm-none-eabi-10.3-2021.10/bin/../lib/gcc/arm-none-eabi/10.3.1/../../../../arm-none-eabi/lib/thumb/v8-m.main+fp/hard/libc.a
256,256,0,0,0,256,`100,lib_a-svfiprintf.o (ex /home/noah/Documents/tuya/Projects/T5_TuyaOS-3.12.16/software/TuyaOS/vendor/T5/toolchain/gcc-arm-none-eabi-10.3-2021.10/bin/../lib/gcc/arm-none-eabi/10.3.1/../../../../arm-none-eabi/lib/thumb/v8-m.main+fp/hard/libc.a),/home/noah/Documents/tuya/Projects/T5_TuyaOS-3.12.16/software/TuyaOS/vendor/T5/toolchain/gcc-arm-none-eabi-10.3-2021.10/bin/../lib/gcc/arm-none-eabi/10.3.1/../../../../arm-none-eabi/lib/thumb/v8-m.main+fp/hard/libc.a
0,0,0,1068,0,1068,`42c,lib_a-impure.o (ex /home/noah/Documents/tuya/Projects/T5_TuyaOS-3.12.16/software/TuyaOS/vendor/T5/toolchain/gcc-arm-none-eabi-10.3-2021.10/bin/../lib/gcc/arm-none-eabi/10.3.1/../../../../arm-none-eabi/lib/thumb/v8-m.main+fp/hard/libc.a),/home/noah/Documents/tuya/Projects/T5_TuyaOS-3.12.16/software/TuyaOS/vendor/T5/toolchain/gcc-arm-none-eabi-10.3-2021.10/bin/../lib/gcc/arm-none-eabi/10.3.1/../../../../arm-none-eabi/lib/thumb/v8-m.main+fp/hard/libc.a
23110,21648,1462,1434,0,24544,`5fe0,/home/noah/Documents/tuya/Projects/T5_TuyaOS-3.12.16/software/TuyaOS/vendor/T5/toolchain/gcc-arm-none-eabi-10.3-2021.10/bin/../lib/gcc/arm-none-eabi/10.3.1/../../../../arm-none-eabi/lib/thumb/v8-m.main+fp/hard/libc.a,/home/noah/Documents/tuya/Projects/T5_TuyaOS-3.12.16/software/TuyaOS/vendor/T5/toolchain/gcc-arm-none-eabi-10.3-2021.10/bin/../lib/gcc/arm-none-eabi/10.3.1/../../../../arm-none-eabi/lib/thumb/v8-m.main+fp/hard/libc.a
888,888,0,0,0,888,`378,_arm_addsubdf3.o (ex /home/noah/Documents/tuya/Projects/T5_TuyaOS-3.12.16/software/TuyaOS/vendor/T5/toolchain/gcc-arm-none-eabi-10.3-2021.10/bin/../lib/gcc/arm-none-eabi/10.3.1/thumb/v8-m.main+fp/hard/libgcc.a),/home/noah/Documents/tuya/Projects/T5_TuyaOS-3.12.16/software/TuyaOS/vendor/T5/toolchain/gcc-arm-none-eabi-10.3-2021.10/bin/../lib/gcc/arm-none-eabi/10.3.1/thumb/v8-m.main+fp/hard/libgcc.a
1060,1060,0,0,0,1060,`424,_arm_muldivdf3.o (ex /home/noah/Documents/tuya/Projects/T5_TuyaOS-3.12.16/software/TuyaOS/vendor/T5/toolchain/gcc-arm-none-eabi-10.3-2021.10/bin/../lib/gcc/arm-none-eabi/10.3.1/thumb/v8-m.main+fp/hard/libgcc.a),/home/noah/Documents/tuya/Projects/T5_TuyaOS-3.12.16/software/TuyaOS/vendor/T5/toolchain/gcc-arm-none-eabi-10.3-2021.10/bin/../lib/gcc/arm-none-eabi/10.3.1/thumb/v8-m.main+fp/hard/libgcc.a
272,272,0,0,0,272,`110,_arm_cmpdf2.o (ex /home/noah/Documents/tuya/Projects/T5_TuyaOS-3.12.16/software/TuyaOS/vendor/T5/toolchain/gcc-arm-none-eabi-10.3-2021.10/bin/../lib/gcc/arm-none-eabi/10.3.1/thumb/v8-m.main+fp/hard/libgcc.a),/home/noah/Documents/tuya/Projects/T5_TuyaOS-3.12.16/software/TuyaOS/vendor/T5/toolchain/gcc-arm-none-eabi-10.3-2021.10/bin/../lib/gcc/arm-none-eabi/10.3.1/thumb/v8-m.main+fp/hard/libgcc.a
44,44,0,0,0,44,`2c,_arm_unorddf2.o (ex /home/noah/Documents/tuya/Projects/T5_TuyaOS-3.12.16/software/TuyaOS/vendor/T5/toolchain/gcc-arm-none-eabi-10.3-2021.10/bin/../lib/gcc/arm-none-eabi/10.3.1/thumb/v8-m.main+fp/hard/libgcc.a),/home/noah/Documents/tuya/Projects/T5_TuyaOS-3.12.16/software/TuyaOS/vendor/T5/toolchain/gcc-arm-none-eabi-10.3-2021.10/bin/../lib/gcc/arm-none-eabi/10.3.1/thumb/v8-m.main+fp/hard/libgcc.a
80,80,0,0,0,80,`50,_arm_fixdfsi.o (ex /home/noah/Documents/tuya/Projects/T5_TuyaOS-3.12.16/software/TuyaOS/vendor/T5/toolchain/gcc-arm-none-eabi-10.3-2021.10/bin/../lib/gcc/arm-none-eabi/10.3.1/thumb/v8-m.main+fp/hard/libgcc.a),/home/noah/Documents/tuya/Projects/T5_TuyaOS-3.12.16/software/TuyaOS/vendor/T5/toolchain/gcc-arm-none-eabi-10.3-2021.10/bin/../lib/gcc/arm-none-eabi/10.3.1/thumb/v8-m.main+fp/hard/libgcc.a
64,64,0,0,0,64,`40,_arm_fixunsdfsi.o (ex /home/noah/Documents/tuya/Projects/T5_TuyaOS-3.12.16/software/TuyaOS/vendor/T5/toolchain/gcc-arm-none-eabi-10.3-2021.10/bin/../lib/gcc/arm-none-eabi/10.3.1/thumb/v8-m.main+fp/hard/libgcc.a),/home/noah/Documents/tuya/Projects/T5_TuyaOS-3.12.16/software/TuyaOS/vendor/T5/toolchain/gcc-arm-none-eabi-10.3-2021.10/bin/../lib/gcc/arm-none-eabi/10.3.1/thumb/v8-m.main+fp/hard/libgcc.a
160,160,0,0,0,160,`a0,_arm_truncdfsf2.o (ex /home/noah/Documents/tuya/Projects/T5_TuyaOS-3.12.16/software/TuyaOS/vendor/T5/toolchain/gcc-arm-none-eabi-10.3-2021.10/bin/../lib/gcc/arm-none-eabi/10.3.1/thumb/v8-m.main+fp/hard/libgcc.a),/home/noah/Documents/tuya/Projects/T5_TuyaOS-3.12.16/software/TuyaOS/vendor/T5/toolchain/gcc-arm-none-eabi-10.3-2021.10/bin/../lib/gcc/arm-none-eabi/10.3.1/thumb/v8-m.main+fp/hard/libgcc.a
540,540,0,0,0,540,`21c,_arm_addsubsf3.o (ex /home/noah/Documents/tuya/Projects/T5_TuyaOS-3.12.16/software/TuyaOS/vendor/T5/toolchain/gcc-arm-none-eabi-10.3-2021.10/bin/../lib/gcc/arm-none-eabi/10.3.1/thumb/v8-m.main+fp/hard/libgcc.a),/home/noah/Documents/tuya/Projects/T5_TuyaOS-3.12.16/software/TuyaOS/vendor/T5/toolchain/gcc-arm-none-eabi-10.3-2021.10/bin/../lib/gcc/arm-none-eabi/10.3.1/thumb/v8-m.main+fp/hard/libgcc.a
160,160,0,0,0,160,`a0,_aeabi_ldivmod.o (ex /home/noah/Documents/tuya/Projects/T5_TuyaOS-3.12.16/software/TuyaOS/vendor/T5/toolchain/gcc-arm-none-eabi-10.3-2021.10/bin/../lib/gcc/arm-none-eabi/10.3.1/thumb/v8-m.main+fp/hard/libgcc.a),/home/noah/Documents/tuya/Projects/T5_TuyaOS-3.12.16/software/TuyaOS/vendor/T5/toolchain/gcc-arm-none-eabi-10.3-2021.10/bin/../lib/gcc/arm-none-eabi/10.3.1/thumb/v8-m.main+fp/hard/libgcc.a
48,48,0,0,0,48,`30,_aeabi_uldivmod.o (ex /home/noah/Documents/tuya/Projects/T5_TuyaOS-3.12.16/software/TuyaOS/vendor/T5/toolchain/gcc-arm-none-eabi-10.3-2021.10/bin/../lib/gcc/arm-none-eabi/10.3.1/thumb/v8-m.main+fp/hard/libgcc.a),/home/noah/Documents/tuya/Projects/T5_TuyaOS-3.12.16/software/TuyaOS/vendor/T5/toolchain/gcc-arm-none-eabi-10.3-2021.10/bin/../lib/gcc/arm-none-eabi/10.3.1/thumb/v8-m.main+fp/hard/libgcc.a
40,40,0,0,0,40,`28,_popcountsi2.o (ex /home/noah/Documents/tuya/Projects/T5_TuyaOS-3.12.16/software/TuyaOS/vendor/T5/toolchain/gcc-arm-none-eabi-10.3-2021.10/bin/../lib/gcc/arm-none-eabi/10.3.1/thumb/v8-m.main+fp/hard/libgcc.a),/home/noah/Documents/tuya/Projects/T5_TuyaOS-3.12.16/software/TuyaOS/vendor/T5/toolchain/gcc-arm-none-eabi-10.3-2021.10/bin/../lib/gcc/arm-none-eabi/10.3.1/thumb/v8-m.main+fp/hard/libgcc.a
48,48,0,0,0,48,`30,_fixdfdi.o (ex /home/noah/Documents/tuya/Projects/T5_TuyaOS-3.12.16/software/TuyaOS/vendor/T5/toolchain/gcc-arm-none-eabi-10.3-2021.10/bin/../lib/gcc/arm-none-eabi/10.3.1/thumb/v8-m.main+fp/hard/libgcc.a),/home/noah/Documents/tuya/Projects/T5_TuyaOS-3.12.16/software/TuyaOS/vendor/T5/toolchain/gcc-arm-none-eabi-10.3-2021.10/bin/../lib/gcc/arm-none-eabi/10.3.1/thumb/v8-m.main+fp/hard/libgcc.a
64,64,0,0,0,64,`40,_fixunssfdi.o (ex /home/noah/Documents/tuya/Projects/T5_TuyaOS-3.12.16/software/TuyaOS/vendor/T5/toolchain/gcc-arm-none-eabi-10.3-2021.10/bin/../lib/gcc/arm-none-eabi/10.3.1/thumb/v8-m.main+fp/hard/libgcc.a),/home/noah/Documents/tuya/Projects/T5_TuyaOS-3.12.16/software/TuyaOS/vendor/T5/toolchain/gcc-arm-none-eabi-10.3-2021.10/bin/../lib/gcc/arm-none-eabi/10.3.1/thumb/v8-m.main+fp/hard/libgcc.a
60,60,0,0,0,60,`3c,_fixunsdfdi.o (ex /home/noah/Documents/tuya/Projects/T5_TuyaOS-3.12.16/software/TuyaOS/vendor/T5/toolchain/gcc-arm-none-eabi-10.3-2021.10/bin/../lib/gcc/arm-none-eabi/10.3.1/thumb/v8-m.main+fp/hard/libgcc.a),/home/noah/Documents/tuya/Projects/T5_TuyaOS-3.12.16/software/TuyaOS/vendor/T5/toolchain/gcc-arm-none-eabi-10.3-2021.10/bin/../lib/gcc/arm-none-eabi/10.3.1/thumb/v8-m.main+fp/hard/libgcc.a
748,748,0,0,0,748,`2ec,_udivmoddi4.o (ex /home/noah/Documents/tuya/Projects/T5_TuyaOS-3.12.16/software/TuyaOS/vendor/T5/toolchain/gcc-arm-none-eabi-10.3-2021.10/bin/../lib/gcc/arm-none-eabi/10.3.1/thumb/v8-m.main+fp/hard/libgcc.a),/home/noah/Documents/tuya/Projects/T5_TuyaOS-3.12.16/software/TuyaOS/vendor/T5/toolchain/gcc-arm-none-eabi-10.3-2021.10/bin/../lib/gcc/arm-none-eabi/10.3.1/thumb/v8-m.main+fp/hard/libgcc.a
4,4,0,0,0,4,`4,_dvmd_tls.o (ex /home/noah/Documents/tuya/Projects/T5_TuyaOS-3.12.16/software/TuyaOS/vendor/T5/toolchain/gcc-arm-none-eabi-10.3-2021.10/bin/../lib/gcc/arm-none-eabi/10.3.1/thumb/v8-m.main+fp/hard/libgcc.a),/home/noah/Documents/tuya/Projects/T5_TuyaOS-3.12.16/software/TuyaOS/vendor/T5/toolchain/gcc-arm-none-eabi-10.3-2021.10/bin/../lib/gcc/arm-none-eabi/10.3.1/thumb/v8-m.main+fp/hard/libgcc.a
4280,4280,0,0,0,4280,`10b8,/home/noah/Documents/tuya/Projects/T5_TuyaOS-3.12.16/software/TuyaOS/vendor/T5/toolchain/gcc-arm-none-eabi-10.3-2021.10/bin/../lib/gcc/arm-none-eabi/10.3.1/thumb/v8-m.main+fp/hard/libgcc.a,/home/noah/Documents/tuya/Projects/T5_TuyaOS-3.12.16/software/TuyaOS/vendor/T5/toolchain/gcc-arm-none-eabi-10.3-2021.10/bin/../lib/gcc/arm-none-eabi/10.3.1/thumb/v8-m.main+fp/hard/libgcc.a
112,112,0,0,1,113,`71,ate.c.obj (ex armino/bk_ate/libbk_ate.a),armino/bk_ate/libbk_ate.a
112,112,0,0,1,113,`71,armino/bk_ate/libbk_ate.a,armino/bk_ate/libbk_ate.a
84,84,0,0,0,84,`54,bk_feature.c.obj (ex armino/bk_common/libbk_common.a),armino/bk_common/libbk_common.a
84,84,0,0,0,84,`54,armino/bk_common/libbk_common.a,armino/bk_common/libbk_common.a
16,16,0,0,0,16,`10,lib_adapter.c.obj (ex armino/bk_adapter/libbk_adapter.a),armino/bk_adapter/libbk_adapter.a
16,16,0,0,0,16,`10,armino/bk_adapter/libbk_adapter.a,armino/bk_adapter/libbk_adapter.a
32,32,0,0,4,36,`24,audio_osi.c.obj (ex /home/noah/Documents/tuya/Projects/T5_TuyaOS-3.12.16/software/TuyaOS/vendor/T5/t5_os/components/avdk_libs/bk7258/libs/libaudio_osi.a),/home/noah/Documents/tuya/Projects/T5_TuyaOS-3.12.16/software/TuyaOS/vendor/T5/t5_os/components/avdk_libs/bk7258/libs/libaudio_osi.a
32,32,0,0,4,36,`24,/home/noah/Documents/tuya/Projects/T5_TuyaOS-3.12.16/software/TuyaOS/vendor/T5/t5_os/components/avdk_libs/bk7258/libs/libaudio_osi.a,/home/noah/Documents/tuya/Projects/T5_TuyaOS-3.12.16/software/TuyaOS/vendor/T5/t5_os/components/avdk_libs/bk7258/libs/libaudio_osi.a
20,20,0,0,4,24,`18,video_osi.c.obj (ex /home/noah/Documents/tuya/Projects/T5_TuyaOS-3.12.16/software/TuyaOS/vendor/T5/t5_os/components/avdk_libs/bk7258/libs/libvideo_osi.a),/home/noah/Documents/tuya/Projects/T5_TuyaOS-3.12.16/software/TuyaOS/vendor/T5/t5_os/components/avdk_libs/bk7258/libs/libvideo_osi.a
20,20,0,0,4,24,`18,/home/noah/Documents/tuya/Projects/T5_TuyaOS-3.12.16/software/TuyaOS/vendor/T5/t5_os/components/avdk_libs/bk7258/libs/libvideo_osi.a,/home/noah/Documents/tuya/Projects/T5_TuyaOS-3.12.16/software/TuyaOS/vendor/T5/t5_os/components/avdk_libs/bk7258/libs/libvideo_osi.a
120,120,0,1,8,129,`81,dvp_camera_app_driver.c.obj (ex armino/video/libvideo.a),armino/video/libvideo.a
120,120,0,1,8,129,`81,armino/video/libvideo.a,armino/video/libvideo.a
